Fragment,Method,Sample,Species,Habitat_guild
1202,s,m12,Acanthostichus_bentoni,Generalist
2206,f,m2,Acanthostichus_bentoni,Generalist
3114,s,c3,Acanthostichus_bentoni,Generalist
2303,s,h26,Acanthostichus_brevicornis,Generalist
1202,s,k10,Acanthostichus_brevicornis,Generalist
1301,s,l50,Acanthostichus_brevicornis,Generalist
1301,s,h50,Acropyga_sp1,NA
2303,s,h29,Acropyga_sp1,NA
2303,s,h30,Acropyga_sp1,NA
2303,s,g26,Acropyga_sp1,NA
3114,p,d4,Acropyga_sp1,NA
3114,s,c2,Acropyga_sp1,NA
3304,f,g32,Acropyga_sp1,NA
3304,s,g30,Acropyga_sp1,NA
1301,s,l47,Acropyga_sp2,NA
1301,s,i50,Acropyga_sp2,NA
1301,s,g47,Acropyga_sp2,NA
2206,s,n5,Acropyga_sp2,NA
2303,s,l25,Acropyga_sp2,NA
2303,s,i28,Acropyga_sp2,NA
3114,s,c5,Acropyga_sp2,NA
3304,s,g32,Acropyga_sp2,NA
1202,f,l14,Acropyga_sp3,NA
2303,f,k26,Acropyga_sp3,NA
3304,s,g28,Acropyga_sp3,NA
2108,f,c1,Alfaria_minuta,Generalist
2206,s,r3,Alfaria_minuta,Generalist
1202,s,k14,Amblyopone_sp1,NA
1301,s,l50,Amblyopone_sp1,NA
1104,s,d5,Anochetus_horridus,Forest
1202,f,i12,Anochetus_horridus,Forest
1301,f,k48,Anochetus_horridus,Forest
1301,f,k49,Anochetus_horridus,Forest
2108,f,c0,Anochetus_horridus,Forest
2108,f,a2,Anochetus_horridus,Forest
2303,f,j28,Anochetus_horridus,Forest
2303,f,j30,Anochetus_horridus,Forest
3114,f,a1,Anochetus_horridus,Forest
3114,p,a3,Anochetus_horridus,Forest
3304,f,h30,Anochetus_horridus,Forest
3304,f,h29,Anochetus_horridus,Forest
3114,f,f0,Anochetus_mayri,Forest
1104,f,f2,Anochetus_mayri,Forest
1104,f,a0,Anochetus_mayri,Forest
1104,f,e4,Anochetus_mayri,Forest
1104,f,e0,Anochetus_mayri,Forest
1104,f,d5,Anochetus_mayri,Forest
1104,s,b5,Anochetus_mayri,Forest
1202,f,k14,Anochetus_mayri,Forest
1202,f,k11,Anochetus_mayri,Forest
1202,f,m12,Anochetus_mayri,Forest
1301,f,g50,Anochetus_mayri,Forest
1301,f,i49,Anochetus_mayri,Forest
1301,f,i49,Anochetus_mayri,Forest
2108,f,b4,Anochetus_mayri,Forest
2108,f,e3,Anochetus_mayri,Forest
2108,f,d5,Anochetus_mayri,Forest
2206,f,p4,Anochetus_mayri,Forest
2206,f,r3,Anochetus_mayri,Forest
2206,f,o3,Anochetus_mayri,Forest
2206,f,n2,Anochetus_mayri,Forest
2303,f,l28,Anochetus_mayri,Forest
2303,f,i29,Anochetus_mayri,Forest
2303,f,i27,Anochetus_mayri,Forest
2303,f,i30,Anochetus_mayri,Forest
2303,s,k26,Anochetus_mayri,Forest
3114,f,d2,Anochetus_mayri,Forest
3209,f,f10,Anochetus_mayri,Forest
3209,f,f7,Anochetus_mayri,Forest
3304,f,h30,Anochetus_mayri,Forest
3304,f,l31,Anochetus_mayri,Forest
3304,s,j31,Anochetus_mayri,Forest
2108,f,f2,Anochetus_neglectus,Generalist
2303,p,k28,Anochetus_sp1,NA
1202,p,k10,Anochetus_targionii,Forest
1104,f,a4,Anochetus_targionii,Forest
1104,f,b3,Anochetus_targionii,Forest
2206,p,m7,Anochetus_targionii,Forest
2303,f,h29,Anochetus_targionii,Forest
2303,f,l28,Anochetus_targionii,Forest
2303,f,l29,Anochetus_targionii,Forest
2303,f,i28,Anochetus_targionii,Forest
2303,f,h30,Anochetus_targionii,Forest
2303,f,i30,Anochetus_targionii,Forest
2303,f,l30,Anochetus_targionii,Forest
3114,f,b3,Anochetus_targionii,Forest
3114,f,b5,Anochetus_targionii,Forest
2303,f,k30,Apterostigma_acre,Forest
1202,p,l12,Apterostigma_acre,Forest
1301,f,k49,Apterostigma_acre,Forest
1301,s,j47,Apterostigma_acre,Forest
2108,f,c1,Apterostigma_acre,Forest
2108,f,b4,Apterostigma_acre,Forest
2108,p,d1,Apterostigma_acre,Forest
2206,f,n6,Apterostigma_acre,Forest
2206,f,o7,Apterostigma_acre,Forest
2303,f,k29,Apterostigma_acre,Forest
2303,f,l30,Apterostigma_acre,Forest
3114,f,f1,Apterostigma_acre,Forest
2108,f,e2,Apterostigma_auriculatum,Forest
2303,p,k26,Apterostigma_epinotale,Forest
3114,p,d5,Apterostigma_epinotale,Forest
1301,f,l48,Apterostigma_ierense,Forest
1104,p,f1,Apterostigma_pilosum,Generalist
3114,p,e4,Apterostigma_pilosum,Generalist
3209,p,i11,Apterostigma_pilosum,Generalist
2108,p,c5,Apterostigma_sp3,NA
2303,p,h26,Atta_sexdens,Generalist
3114,p,b4,Azteca_sp4,NA
3114,p,b4,Azteca_sp1,NA
2206,f,o6,Azteca_sp2,NA
3114,f,c0,Azteca_sp2,NA
2206,s,n3,Bazboltonia_microps,Forest
1104,p,a0,Blepharidatta_brasiliensis,Forest
1104,p,a3,Blepharidatta_brasiliensis,Forest
1202,p,k14,Blepharidatta_brasiliensis,Forest
1202,p,l12,Blepharidatta_brasiliensis,Forest
1202,p,l12,Blepharidatta_brasiliensis,Forest
1202,p,n11,Blepharidatta_brasiliensis,Forest
1202,p,i10,Blepharidatta_brasiliensis,Forest
2108,f,d1,Blepharidatta_brasiliensis,Forest
2108,p,c0,Blepharidatta_brasiliensis,Forest
2206,f,r5,Blepharidatta_brasiliensis,Forest
2206,f,r6,Blepharidatta_brasiliensis,Forest
2303,f,i28,Blepharidatta_brasiliensis,Forest
2303,f,k30,Blepharidatta_brasiliensis,Forest
2303,f,l28,Blepharidatta_brasiliensis,Forest
2303,f,h29,Blepharidatta_brasiliensis,Forest
2303,f,l27,Blepharidatta_brasiliensis,Forest
2303,f,h30,Blepharidatta_brasiliensis,Forest
2303,p,k27,Blepharidatta_brasiliensis,Forest
3114,s,f4,Blepharidatta_brasiliensis,Forest
3114,s,a1,Blepharidatta_brasiliensis,Forest
3209,f,f11,Blepharidatta_brasiliensis,Forest
3209,p,g7,Blepharidatta_brasiliensis,Forest
3209,p,g10,Blepharidatta_brasiliensis,Forest
3304,f,g32,Blepharidatta_brasiliensis,Forest
3304,p,i29,Blepharidatta_brasiliensis,Forest
3304,p,g33,Blepharidatta_brasiliensis,Forest
3304,s,g28,Brachymyrmex_sp1,NA
1202,f,l14,Brachymyrmex_sp1,NA
2206,f,r4,Brachymyrmex_sp1,NA
2303,p,l28,Brachymyrmex_sp1,NA
3304,s,g32,Brachymyrmex_sp1,NA
1202,s,j13,Brachymyrmex_sp1,NA
2108,f,a2,Brachymyrmex_sp2,NA
2108,f,e1,Brachymyrmex_sp2,NA
3114,f,e2,Brachymyrmex_sp2,NA
3304,f,j32,Brachymyrmex_sp2,NA
2206,f,o2,Brachymyrmex_sp2,NA
1301,f,i47,Camponotus_balzani,Generalist
1301,s,g49,Camponotus_balzani,Generalist
2206,p,n2,Camponotus_balzani,Generalist
2108,p,f5,Camponotus_femoratus,Forest
2206,p,p4,Camponotus_femoratus,Forest
3209,p,f7,Camponotus_femoratus,Forest
2108,p,e0,Camponotus_femoratus,Forest
2108,p,f1,Camponotus_femoratus,Forest
2108,p,e3,Camponotus_femoratus,Forest
2108,p,b0,Camponotus_femoratus,Forest
2206,p,p2,Camponotus_femoratus,Forest
2206,p,q2,Camponotus_femoratus,Forest
2206,p,r6,Camponotus_femoratus,Forest
2206,p,q6,Camponotus_femoratus,Forest
2206,p,r5,Camponotus_femoratus,Forest
2206,p,q4,Camponotus_femoratus,Forest
2206,p,q3,Camponotus_femoratus,Forest
2206,p,r3,Camponotus_femoratus,Forest
3209,p,f8,Camponotus_femoratus,Forest
3209,p,f9,Camponotus_femoratus,Forest
3209,p,j8,Camponotus_femoratus,Forest
3209,p,g8,Camponotus_femoratus,Forest
3114,p,b1,Camponotus_latangulus,Forest
1104,s,c4,Camponotus_novogranadensis,Generalist
3114,p,f0,Camponotus_novogranadensis,Generalist
3114,p,c3,Camponotus_novogranadensis,Generalist
2206,p,r2,Camponotus_rapax,Forest
1301,s,l50,Camponotus_rapax,Forest
3114,p,a2,Camponotus_rapax,Forest
3114,p,b5,Camponotus_rapax,Forest
3114,p,c4,Camponotus_rapax,Forest
2303,p,g25,Camponotus_renggeri,Generalist
3114,p,b4,Camponotus_renggeri,Generalist
1202,p,j10,Carebara_anophthalma,Forest
3114,s,e3,Carebara_anophthalma,Forest
1202,f,m14,Carebara_sp1,NA
1301,f,h47,Carebara_sp1,NA
1301,f,l45,Carebara_sp1,NA
1301,f,l49,Carebara_sp1,NA
2108,f,b5,Carebara_sp1,NA
2108,f,a5,Carebara_sp1,NA
2108,s,d3,Carebara_sp1,NA
2206,f,q7,Carebara_sp1,NA
2206,s,q4,Carebara_sp1,NA
3114,f,e1,Carebara_sp1,NA
3114,f,f3,Carebara_sp1,NA
3114,f,d3,Carebara_sp1,NA
3114,s,f5,Carebara_sp1,NA
3209,p,g12,Carebara_sp1,NA
3304,s,l30,Carebara_sp1,NA
3304,s,h32,Carebara_sp1,NA
3304,s,g32,Carebara_sp1,NA
2303,s,k26,Centromyrmex_brachycola,Generalist
1104,p,b4,Cephalotes_atratus,Generalist
2303,p,h28,Crematogaster_distans,Generalist
1202,p,i13,Crematogaster_distans,Generalist
1104,p,d1,Crematogaster_distans,Generalist
1104,p,e5,Crematogaster_distans,Generalist
1104,p,a2,Crematogaster_distans,Generalist
1104,p,e3,Crematogaster_distans,Generalist
1104,p,c5,Crematogaster_distans,Generalist
1104,p,b2,Crematogaster_distans,Generalist
1104,p,f1,Crematogaster_distans,Generalist
1104,p,b3,Crematogaster_distans,Generalist
1104,p,f3,Crematogaster_distans,Generalist
1104,p,c0,Crematogaster_distans,Generalist
1104,p,f2,Crematogaster_distans,Generalist
1104,s,e1,Crematogaster_distans,Generalist
1104,s,b4,Crematogaster_distans,Generalist
1202,f,n10,Crematogaster_distans,Generalist
1202,p,k12,Crematogaster_distans,Generalist
1202,p,n11,Crematogaster_distans,Generalist
1202,p,l14,Crematogaster_distans,Generalist
1202,p,k13,Crematogaster_distans,Generalist
1202,p,i10,Crematogaster_distans,Generalist
1202,p,n9,Crematogaster_distans,Generalist
1202,p,i11,Crematogaster_distans,Generalist
1202,p,n14,Crematogaster_distans,Generalist
1202,s,j10,Crematogaster_distans,Generalist
1202,s,m12,Crematogaster_distans,Generalist
1301,p,g50,Crematogaster_distans,Generalist
1301,p,j49,Crematogaster_distans,Generalist
1301,p,g48,Crematogaster_distans,Generalist
1301,p,g47,Crematogaster_distans,Generalist
1301,p,g49,Crematogaster_distans,Generalist
1301,p,k48,Crematogaster_distans,Generalist
1301,p,j48,Crematogaster_distans,Generalist
1301,p,l49,Crematogaster_distans,Generalist
1301,p,h50,Crematogaster_distans,Generalist
2108,f,a3,Crematogaster_distans,Generalist
2108,p,f0,Crematogaster_distans,Generalist
2108,p,f1,Crematogaster_distans,Generalist
2108,p,b1,Crematogaster_distans,Generalist
2108,p,f2,Crematogaster_distans,Generalist
2108,p,e0,Crematogaster_distans,Generalist
2108,p,e2,Crematogaster_distans,Generalist
2108,p,e3,Crematogaster_distans,Generalist
2108,p,d0,Crematogaster_distans,Generalist
2108,p,d1,Crematogaster_distans,Generalist
2108,p,c0,Crematogaster_distans,Generalist
2108,p,b0,Crematogaster_distans,Generalist
2108,p,b3,Crematogaster_distans,Generalist
2206,f,o4,Crematogaster_distans,Generalist
2206,p,q5,Crematogaster_distans,Generalist
2206,p,n6,Crematogaster_distans,Generalist
2206,p,p2,Crematogaster_distans,Generalist
2206,p,q2,Crematogaster_distans,Generalist
2206,p,q3,Crematogaster_distans,Generalist
2206,p,r2,Crematogaster_distans,Generalist
2206,p,r6,Crematogaster_distans,Generalist
2206,p,q4,Crematogaster_distans,Generalist
2206,s,o6,Crematogaster_distans,Generalist
2206,s,m6,Crematogaster_distans,Generalist
2303,p,j29,Crematogaster_distans,Generalist
2303,p,l27,Crematogaster_distans,Generalist
2303,p,k27,Crematogaster_distans,Generalist
2303,p,l28,Crematogaster_distans,Generalist
2303,p,l29,Crematogaster_distans,Generalist
2303,p,k25,Crematogaster_distans,Generalist
2303,p,h27,Crematogaster_distans,Generalist
2303,p,i29,Crematogaster_distans,Generalist
2303,p,j25,Crematogaster_distans,Generalist
2303,p,j27,Crematogaster_distans,Generalist
2303,p,j26,Crematogaster_distans,Generalist
2303,p,i25,Crematogaster_distans,Generalist
2303,p,i26,Crematogaster_distans,Generalist
3114,f,b3,Crematogaster_distans,Generalist
3114,p,c3,Crematogaster_distans,Generalist
3209,p,i8,Crematogaster_distans,Generalist
3209,p,f8,Crematogaster_distans,Generalist
3304,p,k29,Crematogaster_distans,Generalist
2108,p,e1,Crematogaster_sp2,NA
2108,p,a5,Crematogaster_sp2,NA
2206,p,q6,Crematogaster_sp2,NA
2303,f,i25,Crematogaster_sp2,NA
2303,f,k28,Crematogaster_sp2,NA
2303,f,k25,Crematogaster_sp2,NA
2303,f,j27,Crematogaster_sp2,NA
2303,p,k26,Crematogaster_sp2,NA
2303,p,g28,Crematogaster_sp2,NA
2303,p,g25,Crematogaster_sp2,NA
2303,p,h27,Crematogaster_sp2,NA
2303,p,i26,Crematogaster_sp2,NA
3114,p,e3,Crematogaster_sp2,NA
3114,p,f2,Crematogaster_sp2,NA
3114,p,e2,Crematogaster_sp2,NA
3209,p,f9,Crematogaster_sp2,NA
3209,p,j8,Crematogaster_sp2,NA
3209,p,h11,Crematogaster_sp2,NA
3304,p,k32,Crematogaster_sp2,NA
3304,p,j30,Crematogaster_sp2,NA
3304,p,l30,Crematogaster_sp2,NA
3304,p,j32,Crematogaster_sp2,NA
3304,p,i30,Crematogaster_sp2,NA
3304,p,g33,Crematogaster_sp2,NA
3304,p,k31,Crematogaster_sp2,NA
2108,f,f1,Crematogaster_sp3,NA
2108,f,d1,Crematogaster_sp3,NA
2108,f,d4,Crematogaster_sp3,NA
2108,f,a0,Crematogaster_sp3,NA
2206,p,n7,Crematogaster_sp3,NA
2206,s,r2,Crematogaster_sp3,NA
2206,s,r2,Crematogaster_sp3,NA
3209,s,f8,Crematogaster_sp3,NA
1104,f,e3,Crematogaster_sp4,NA
1104,p,d4,Crematogaster_sp4,NA
1104,p,c1,Crematogaster_sp4,NA
1202,f,k10,Crematogaster_sp4,NA
1202,f,m11,Crematogaster_sp4,NA
1202,f,l9,Crematogaster_sp4,NA
1301,f,h46,Crematogaster_sp4,NA
1301,f,h48,Crematogaster_sp4,NA
1301,f,g50,Crematogaster_sp4,NA
1301,f,l45,Crematogaster_sp4,NA
1301,f,g45,Crematogaster_sp4,NA
1301,f,h47,Crematogaster_sp4,NA
1301,f,h50,Crematogaster_sp4,NA
1301,f,g47,Crematogaster_sp4,NA
1301,f,h49,Crematogaster_sp4,NA
1301,p,k49,Crematogaster_sp4,NA
2108,f,c0,Crematogaster_sp4,NA
2108,f,b0,Crematogaster_sp4,NA
2206,f,r4,Crematogaster_sp4,NA
2206,f,p3,Crematogaster_sp4,NA
2206,f,o7,Crematogaster_sp4,NA
2206,f,o3,Crematogaster_sp4,NA
2206,f,n3,Crematogaster_sp4,NA
2303,f,g26,Crematogaster_sp4,NA
2303,f,h28,Crematogaster_sp4,NA
2303,f,i25,Crematogaster_sp4,NA
2303,f,h25,Crematogaster_sp4,NA
2303,f,i29,Crematogaster_sp4,NA
2303,f,i26,Crematogaster_sp4,NA
2303,f,i27,Crematogaster_sp4,NA
2303,f,j30,Crematogaster_sp4,NA
2303,f,j26,Crematogaster_sp4,NA
2303,f,k26,Crematogaster_sp4,NA
3114,f,b3,Crematogaster_sp4,NA
3209,f,g9,Crematogaster_sp4,NA
3209,f,f7,Crematogaster_sp4,NA
3209,f,h12,Crematogaster_sp4,NA
3304,f,l31,Crematogaster_sp4,NA
3304,f,j31,Crematogaster_sp4,NA
1301,p,i47,Crematogaster_sp5,NA
1202,p,l14,Crematogaster_sp6,NA
1301,p,j49,Crematogaster_sp6,NA
1301,p,g49,Crematogaster_sp6,NA
1301,f,g48,Crematogaster_sp7,NA
1104,f,c5,Crematogaster_sp7,NA
1202,f,n12,Crematogaster_sp7,NA
1301,f,i46,Crematogaster_sp7,NA
1301,f,k50,Crematogaster_sp7,NA
1301,f,j47,Crematogaster_sp7,NA
2108,f,f5,Crematogaster_sp7,NA
2108,f,d2,Crematogaster_sp7,NA
2206,f,r6,Crematogaster_sp7,NA
2206,f,o6,Crematogaster_sp7,NA
1301,p,i47,Crematogaster_sp7,NA
3209,s,f7,Crematogaster_sp7,NA
1301,f,k49,Crematogaster_sp8,NA
1104,p,b1,Cyphomyrmex_costatus,Generalist
1104,f,c4,Cyphomyrmex_minutus,Generalist
1202,f,n9,Cyphomyrmex_minutus,Generalist
1202,f,i13,Cyphomyrmex_minutus,Generalist
1301,f,h50,Cyphomyrmex_peltatus,Generalist
1301,f,j50,Cyphomyrmex_peltatus,Generalist
1301,f,g50,Cyphomyrmex_peltatus,Generalist
1301,p,l49,Cyphomyrmex_peltatus,Generalist
2108,f,f2,Cyphomyrmex_peltatus,Generalist
2206,f,o6,Cyphomyrmex_peltatus,Generalist
2206,f,o3,Cyphomyrmex_peltatus,Generalist
2206,f,n2,Cyphomyrmex_peltatus,Generalist
2303,f,k25,Cyphomyrmex_peltatus,Generalist
2303,f,j27,Cyphomyrmex_peltatus,Generalist
2303,p,g28,Cyphomyrmex_peltatus,Generalist
2303,p,g27,Cyphomyrmex_peltatus,Generalist
3114,f,e1,Cyphomyrmex_peltatus,Generalist
2108,f,e3,Cyphomyrmex_rimosus,Generalist
2108,f,e2,Cyphomyrmex_rimosus,Generalist
1104,f,f0,Cyphomyrmex_rimosus,Generalist
1202,f,k11,Cyphomyrmex_rimosus,Generalist
1202,f,j14,Cyphomyrmex_rimosus,Generalist
1202,f,n14,Cyphomyrmex_rimosus,Generalist
1202,f,k9,Cyphomyrmex_rimosus,Generalist
1202,p,i14,Cyphomyrmex_rimosus,Generalist
1301,f,i47,Cyphomyrmex_rimosus,Generalist
1301,f,i45,Cyphomyrmex_rimosus,Generalist
1301,f,h46,Cyphomyrmex_rimosus,Generalist
1301,f,l46,Cyphomyrmex_rimosus,Generalist
1301,p,k45,Cyphomyrmex_rimosus,Generalist
1301,p,l49,Cyphomyrmex_rimosus,Generalist
2108,f,b3,Cyphomyrmex_rimosus,Generalist
2108,f,d2,Cyphomyrmex_rimosus,Generalist
2108,f,a3,Cyphomyrmex_rimosus,Generalist
2108,f,a2,Cyphomyrmex_rimosus,Generalist
2206,f,n2,Cyphomyrmex_rimosus,Generalist
2206,f,m5,Cyphomyrmex_rimosus,Generalist
2206,f,o5,Cyphomyrmex_rimosus,Generalist
2206,f,o3,Cyphomyrmex_rimosus,Generalist
2206,f,o4,Cyphomyrmex_rimosus,Generalist
2206,f,n3,Cyphomyrmex_rimosus,Generalist
2206,f,o2,Cyphomyrmex_rimosus,Generalist
2303,f,i25,Cyphomyrmex_rimosus,Generalist
2303,f,j26,Cyphomyrmex_rimosus,Generalist
2303,f,j25,Cyphomyrmex_rimosus,Generalist
2303,f,k27,Cyphomyrmex_rimosus,Generalist
2303,f,k26,Cyphomyrmex_rimosus,Generalist
3114,f,a2,Cyphomyrmex_rimosus,Generalist
3209,f,j9,Cyphomyrmex_rimosus,Generalist
3209,f,f10,Cyphomyrmex_rimosus,Generalist
3304,f,j32,Cyphomyrmex_rimosus,Generalist
1104,p,a4,Cyphomyrmex_transversus,Generalist
1104,p,a0,Cyphomyrmex_transversus,Generalist
1301,p,j47,Cyphomyrmex_transversus,Generalist
3114,p,e0,Cyphomyrmex_transversus,Generalist
3114,p,e5,Cyphomyrmex_transversus,Generalist
3304,p,k30,Cyphomyrmex_transversus,Generalist
3304,p,g33,Cyphomyrmex_transversus,Generalist
1202,f,l9,Daceton_armigerum,Generalist
2303,s,l30,Discothyrea_humilis,Forest
3114,s,f4,Discothyrea_humilis,Forest
1104,f,d4,Discothyrea_sexarticulata,Forest
3304,p,g31,Discothyrea_sexarticulata,Forest
2206,f,n6,Discothyrea_sp1,NA
2108,p,c3,Dolichoderus_bidens,Forest
3114,p,a1,Dolichoderus_ghilianii,Generalist
2108,p,d4,Dolichoderus_imitator,Generalist
2206,f,p4,Dolichoderus_imitator,Generalist
2206,f,r5,Dolichoderus_imitator,Generalist
2303,p,i27,Dolichoderus_imitator,Generalist
2303,f,j26,Dorymyrmex_sp1,NA
3209,f,f8,Eciton_hamatum,Forest
1202,p,k10,Eciton_mexicanum,Forest
1104,p,c5,Ectatomma_edentatum,Generalist
1104,p,e5,Ectatomma_edentatum,Generalist
1104,p,f0,Ectatomma_edentatum,Generalist
1104,p,b5,Ectatomma_edentatum,Generalist
1104,p,a5,Ectatomma_edentatum,Generalist
1104,p,f1,Ectatomma_edentatum,Generalist
1104,p,f4,Ectatomma_edentatum,Generalist
1104,p,e3,Ectatomma_edentatum,Generalist
1104,p,c0,Ectatomma_edentatum,Generalist
1202,f,k10,Ectatomma_edentatum,Generalist
1202,p,n13,Ectatomma_edentatum,Generalist
1202,p,i10,Ectatomma_edentatum,Generalist
1202,p,k11,Ectatomma_edentatum,Generalist
1202,p,j10,Ectatomma_edentatum,Generalist
1202,p,j11,Ectatomma_edentatum,Generalist
1202,p,i11,Ectatomma_edentatum,Generalist
1301,p,g47,Ectatomma_edentatum,Generalist
2108,f,a3,Ectatomma_edentatum,Generalist
2108,f,f0,Ectatomma_edentatum,Generalist
2108,f,a4,Ectatomma_edentatum,Generalist
2108,f,f2,Ectatomma_edentatum,Generalist
2108,f,e1,Ectatomma_edentatum,Generalist
2108,p,c2,Ectatomma_edentatum,Generalist
2108,p,f3,Ectatomma_edentatum,Generalist
2108,p,e2,Ectatomma_edentatum,Generalist
2108,p,a2,Ectatomma_edentatum,Generalist
2108,p,d4,Ectatomma_edentatum,Generalist
2206,f,r3,Ectatomma_edentatum,Generalist
2206,f,m2,Ectatomma_edentatum,Generalist
2206,p,r2,Ectatomma_edentatum,Generalist
2206,p,r5,Ectatomma_edentatum,Generalist
2206,p,q4,Ectatomma_edentatum,Generalist
2303,f,h30,Ectatomma_edentatum,Generalist
2303,f,k27,Ectatomma_edentatum,Generalist
2303,p,i27,Ectatomma_edentatum,Generalist
2303,p,g26,Ectatomma_edentatum,Generalist
2303,p,i30,Ectatomma_edentatum,Generalist
2303,p,k26,Ectatomma_edentatum,Generalist
2303,p,l28,Ectatomma_edentatum,Generalist
2303,p,l29,Ectatomma_edentatum,Generalist
2303,p,g27,Ectatomma_edentatum,Generalist
2303,p,l25,Ectatomma_edentatum,Generalist
2303,p,j28,Ectatomma_edentatum,Generalist
2303,p,j30,Ectatomma_edentatum,Generalist
2303,s,i29,Ectatomma_edentatum,Generalist
1104,f,c4,Ectatomma_lugens,Forest
1104,p,e4,Ectatomma_lugens,Forest
1104,p,e5,Ectatomma_lugens,Forest
1104,p,c1,Ectatomma_lugens,Forest
1104,p,d3,Ectatomma_lugens,Forest
1104,p,c3,Ectatomma_lugens,Forest
1104,p,d1,Ectatomma_lugens,Forest
1104,p,a2,Ectatomma_lugens,Forest
1104,p,a1,Ectatomma_lugens,Forest
1104,p,a4,Ectatomma_lugens,Forest
1104,p,c2,Ectatomma_lugens,Forest
1104,p,d4,Ectatomma_lugens,Forest
1104,p,e2,Ectatomma_lugens,Forest
1104,p,f3,Ectatomma_lugens,Forest
1104,p,b4,Ectatomma_lugens,Forest
1104,p,a5,Ectatomma_lugens,Forest
1104,p,b3,Ectatomma_lugens,Forest
1104,p,b2,Ectatomma_lugens,Forest
1104,p,a0,Ectatomma_lugens,Forest
1104,p,f5,Ectatomma_lugens,Forest
1104,p,e1,Ectatomma_lugens,Forest
1202,f,j12,Ectatomma_lugens,Forest
1202,p,n13,Ectatomma_lugens,Forest
1202,p,l13,Ectatomma_lugens,Forest
1202,p,m9,Ectatomma_lugens,Forest
1202,p,i13,Ectatomma_lugens,Forest
1202,p,m10,Ectatomma_lugens,Forest
1202,p,m13,Ectatomma_lugens,Forest
1202,p,i11,Ectatomma_lugens,Forest
1202,p,m12,Ectatomma_lugens,Forest
1202,p,n11,Ectatomma_lugens,Forest
1202,p,i14,Ectatomma_lugens,Forest
1202,p,j13,Ectatomma_lugens,Forest
1202,p,l10,Ectatomma_lugens,Forest
1202,p,l11,Ectatomma_lugens,Forest
1202,p,j14,Ectatomma_lugens,Forest
1202,p,k14,Ectatomma_lugens,Forest
1202,p,k13,Ectatomma_lugens,Forest
1202,p,k12,Ectatomma_lugens,Forest
1202,p,l12,Ectatomma_lugens,Forest
1202,p,i9,Ectatomma_lugens,Forest
1301,p,h49,Ectatomma_lugens,Forest
1301,p,j48,Ectatomma_lugens,Forest
1301,p,g49,Ectatomma_lugens,Forest
1301,p,i45,Ectatomma_lugens,Forest
1301,p,g48,Ectatomma_lugens,Forest
1301,p,l49,Ectatomma_lugens,Forest
1301,p,h48,Ectatomma_lugens,Forest
1301,p,h46,Ectatomma_lugens,Forest
1301,p,h45,Ectatomma_lugens,Forest
1301,p,g50,Ectatomma_lugens,Forest
1301,p,h47,Ectatomma_lugens,Forest
1301,p,k47,Ectatomma_lugens,Forest
1301,p,k45,Ectatomma_lugens,Forest
1301,p,j49,Ectatomma_lugens,Forest
1301,p,j45,Ectatomma_lugens,Forest
1301,p,g46,Ectatomma_lugens,Forest
1301,p,g45,Ectatomma_lugens,Forest
1301,p,j46,Ectatomma_lugens,Forest
1301,p,k50,Ectatomma_lugens,Forest
1301,p,l47,Ectatomma_lugens,Forest
1301,p,i47,Ectatomma_lugens,Forest
1301,p,k49,Ectatomma_lugens,Forest
1301,p,i46,Ectatomma_lugens,Forest
1301,p,k48,Ectatomma_lugens,Forest
1301,p,j50,Ectatomma_lugens,Forest
1301,p,i48,Ectatomma_lugens,Forest
2108,p,e3,Ectatomma_lugens,Forest
2108,s,a5,Ectatomma_lugens,Forest
2206,f,n6,Ectatomma_lugens,Forest
2206,p,p5,Ectatomma_lugens,Forest
2206,p,q4,Ectatomma_lugens,Forest
2206,p,p3,Ectatomma_lugens,Forest
2206,p,m4,Ectatomma_lugens,Forest
2303,f,g27,Ectatomma_lugens,Forest
2303,p,i25,Ectatomma_lugens,Forest
2303,p,l27,Ectatomma_lugens,Forest
2303,p,j26,Ectatomma_lugens,Forest
2303,p,i27,Ectatomma_lugens,Forest
2303,p,i26,Ectatomma_lugens,Forest
2303,p,h25,Ectatomma_lugens,Forest
2303,p,g26,Ectatomma_lugens,Forest
2303,p,k27,Ectatomma_lugens,Forest
2303,p,j30,Ectatomma_lugens,Forest
2303,p,k28,Ectatomma_lugens,Forest
3114,f,a5,Ectatomma_lugens,Forest
3114,p,e4,Ectatomma_lugens,Forest
3114,p,b5,Ectatomma_lugens,Forest
3114,p,b4,Ectatomma_lugens,Forest
3114,p,f1,Ectatomma_lugens,Forest
3114,p,a4,Ectatomma_lugens,Forest
3114,p,a3,Ectatomma_lugens,Forest
3114,p,b0,Ectatomma_lugens,Forest
3114,p,f2,Ectatomma_lugens,Forest
3114,p,b3,Ectatomma_lugens,Forest
3114,p,b1,Ectatomma_lugens,Forest
3114,p,c0,Ectatomma_lugens,Forest
3114,p,f5,Ectatomma_lugens,Forest
3114,p,d3,Ectatomma_lugens,Forest
3114,p,d4,Ectatomma_lugens,Forest
3114,p,e0,Ectatomma_lugens,Forest
3114,p,d5,Ectatomma_lugens,Forest
3114,p,d0,Ectatomma_lugens,Forest
3114,p,c1,Ectatomma_lugens,Forest
3114,p,e3,Ectatomma_lugens,Forest
3114,p,c2,Ectatomma_lugens,Forest
3114,p,e5,Ectatomma_lugens,Forest
3114,p,e1,Ectatomma_lugens,Forest
3209,f,j12,Ectatomma_lugens,Forest
3209,p,k12,Ectatomma_lugens,Forest
3209,p,j10,Ectatomma_lugens,Forest
3209,p,h7,Ectatomma_lugens,Forest
3209,p,g8,Ectatomma_lugens,Forest
3209,p,j7,Ectatomma_lugens,Forest
3209,p,k11,Ectatomma_lugens,Forest
3209,p,k7,Ectatomma_lugens,Forest
3209,p,h11,Ectatomma_lugens,Forest
3209,p,i10,Ectatomma_lugens,Forest
3209,p,k9,Ectatomma_lugens,Forest
3209,p,g10,Ectatomma_lugens,Forest
3209,p,g9,Ectatomma_lugens,Forest
3209,p,i8,Ectatomma_lugens,Forest
3209,p,h7,Ectatomma_lugens,Forest
3209,p,k10,Ectatomma_lugens,Forest
3209,p,j8,Ectatomma_lugens,Forest
3209,p,h12,Ectatomma_lugens,Forest
3209,p,f8,Ectatomma_lugens,Forest
3209,p,g7,Ectatomma_lugens,Forest
3304,f,k33,Ectatomma_lugens,Forest
3304,p,i30,Ectatomma_lugens,Forest
3304,p,h30,Ectatomma_lugens,Forest
3304,p,i33,Ectatomma_lugens,Forest
3304,p,l31,Ectatomma_lugens,Forest
3304,p,g31,Ectatomma_lugens,Forest
3304,p,j33,Ectatomma_lugens,Forest
3304,p,j29,Ectatomma_lugens,Forest
3304,p,j32,Ectatomma_lugens,Forest
3304,p,i31,Ectatomma_lugens,Forest
3304,p,g28,Ectatomma_lugens,Forest
3304,p,k31,Ectatomma_lugens,Forest
3304,p,h28,Ectatomma_lugens,Forest
3304,p,k28,Ectatomma_lugens,Forest
3304,p,j30,Ectatomma_lugens,Forest
3304,p,h32,Ectatomma_lugens,Forest
3304,p,j28,Ectatomma_lugens,Forest
3304,p,l32,Ectatomma_lugens,Forest
3304,p,l33,Ectatomma_lugens,Forest
3304,p,k32,Ectatomma_lugens,Forest
3304,p,i28,Ectatomma_lugens,Forest
3209,f,f8,Ectatomma_tuberculatum,Generalist
1301,f,i49,Fulakora_degenerata,Forest
2108,s,d5,Fulakora_degenerata,Forest
1104,p,f0,Gnamptogenys_acuminata,Generalist
2303,p,j29,Gnamptogenys_haenschi,Forest
2303,p,j27,Gnamptogenys_haenschi,Forest
1301,p,h47,Gnamptogenys_horni,Forest
1202,f,i13,Gnamptogenys_horni,Forest
3209,f,h7,Gnamptogenys_horni,Forest
1104,f,a4,Gnamptogenys_horni,Forest
1104,s,a2,Gnamptogenys_horni,Forest
1202,f,l12,Gnamptogenys_horni,Forest
1202,f,m10,Gnamptogenys_horni,Forest
1202,f,j10,Gnamptogenys_horni,Forest
1202,f,k13,Gnamptogenys_horni,Forest
1202,f,l10,Gnamptogenys_horni,Forest
1202,f,m13,Gnamptogenys_horni,Forest
1202,f,l14,Gnamptogenys_horni,Forest
1202,f,m9,Gnamptogenys_horni,Forest
1202,f,k9,Gnamptogenys_horni,Forest
1202,p,j11,Gnamptogenys_horni,Forest
1301,f,k46,Gnamptogenys_horni,Forest
1301,f,i45,Gnamptogenys_horni,Forest
1301,f,j49,Gnamptogenys_horni,Forest
1301,f,h47,Gnamptogenys_horni,Forest
1301,p,l45,Gnamptogenys_horni,Forest
1301,p,i47,Gnamptogenys_horni,Forest
2108,f,b4,Gnamptogenys_horni,Forest
2108,f,d1,Gnamptogenys_horni,Forest
2206,f,q7,Gnamptogenys_horni,Forest
2206,f,p2,Gnamptogenys_horni,Forest
2206,p,q6,Gnamptogenys_horni,Forest
2303,f,h26,Gnamptogenys_horni,Forest
2303,p,k28,Gnamptogenys_horni,Forest
3114,f,b2,Gnamptogenys_horni,Forest
3114,f,b5,Gnamptogenys_horni,Forest
3209,f,f11,Gnamptogenys_horni,Forest
3209,f,i7,Gnamptogenys_horni,Forest
3209,f,g7,Gnamptogenys_horni,Forest
3304,f,g28,Gnamptogenys_horni,Forest
3304,f,h32,Gnamptogenys_horni,Forest
3304,f,k30,Gnamptogenys_horni,Forest
3304,f,i28,Gnamptogenys_horni,Forest
3304,f,k29,Gnamptogenys_horni,Forest
3304,f,j32,Gnamptogenys_horni,Forest
3304,f,h31,Gnamptogenys_horni,Forest
3304,f,i29,Gnamptogenys_horni,Forest
3304,f,h30,Gnamptogenys_horni,Forest
3304,p,l30,Gnamptogenys_horni,Forest
2206,f,r5,Gnamptogenys_kempfi,Forest
3209,f,g10,Gnamptogenys_kempfi,Forest
1104,p,d1,Gnamptogenys_tortuolosa,Forest
1301,p,i46,Gnamptogenys_tortuolosa,Forest
3114,p,c5,Gnamptogenys_tortuolosa,Forest
3304,p,j28,Gnamptogenys_tortuolosa,Forest
1202,f,j14,Holcoponera_mina,Forest
1202,f,i9,Holcoponera_mina,Forest
2108,f,c0,Holcoponera_mina,Forest
2108,f,c1,Holcoponera_mina,Forest
3114,f,a0,Holcoponera_mina,Forest
3114,f,b0,Holcoponera_mina,Forest
3114,f,f0,Holcoponera_mina,Forest
3114,f,d3,Holcoponera_mina,Forest
3114,f,a4,Holcoponera_mina,Forest
3114,f,c5,Holcoponera_mina,Forest
3114,f,e1,Holcoponera_mina,Forest
3114,f,d0,Holcoponera_mina,Forest
3114,f,d1,Holcoponera_mina,Forest
3114,f,f3,Holcoponera_mina,Forest
3114,f,f5,Holcoponera_mina,Forest
1301,f,g45,Holcoponera_relicta,Forest
2206,f,p7,Holcoponera_relicta,Forest
3114,f,b1,Holcoponera_relicta,Forest
3209,f,k10,Holcoponera_relicta,Forest
3304,f,k28,Holcoponera_relicta,Forest
3114,p,c5,Holcoponera_striatula,Generalist
2108,f,b1,Hylomyrma_blandiens,Forest
2303,f,i26,Hylomyrma_reginae,Forest
3114,f,d5,Hylomyrma_sp1,NA
1104,f,d4,Hypoponera_sp1,NA
1104,f,b4,Hypoponera_sp1,NA
1104,f,a1,Hypoponera_sp1,NA
1104,f,e1,Hypoponera_sp1,NA
1104,f,c3,Hypoponera_sp1,NA
1104,f,e2,Hypoponera_sp1,NA
1104,f,c0,Hypoponera_sp1,NA
1104,f,c5,Hypoponera_sp1,NA
1104,f,a3,Hypoponera_sp1,NA
1104,f,e4,Hypoponera_sp1,NA
1104,f,d0,Hypoponera_sp1,NA
1104,f,f1,Hypoponera_sp1,NA
1104,f,c1,Hypoponera_sp1,NA
1104,f,e5,Hypoponera_sp1,NA
1104,f,d3,Hypoponera_sp1,NA
1104,f,f5,Hypoponera_sp1,NA
1104,f,f3,Hypoponera_sp1,NA
1104,f,c2,Hypoponera_sp1,NA
1104,f,f2,Hypoponera_sp1,NA
1104,f,b3,Hypoponera_sp1,NA
1104,f,d1,Hypoponera_sp1,NA
1104,s,b2,Hypoponera_sp1,NA
1202,f,i14,Hypoponera_sp1,NA
1202,f,j9,Hypoponera_sp1,NA
1202,f,i10,Hypoponera_sp1,NA
1202,f,l10,Hypoponera_sp1,NA
1202,f,k10,Hypoponera_sp1,NA
1202,f,l13,Hypoponera_sp1,NA
1202,f,k9,Hypoponera_sp1,NA
1202,f,n9,Hypoponera_sp1,NA
1202,f,j13,Hypoponera_sp1,NA
1202,f,m10,Hypoponera_sp1,NA
1202,f,k11,Hypoponera_sp1,NA
1202,f,k14,Hypoponera_sp1,NA
1202,f,n13,Hypoponera_sp1,NA
1202,f,i11,Hypoponera_sp1,NA
1202,f,j14,Hypoponera_sp1,NA
1202,f,m13,Hypoponera_sp1,NA
1202,s,j11,Hypoponera_sp1,NA
1301,f,k45,Hypoponera_sp1,NA
1301,f,i50,Hypoponera_sp1,NA
1301,f,j47,Hypoponera_sp1,NA
1301,f,h49,Hypoponera_sp1,NA
1301,f,i47,Hypoponera_sp1,NA
1301,f,l47,Hypoponera_sp1,NA
1301,f,k50,Hypoponera_sp1,NA
1301,f,i45,Hypoponera_sp1,NA
1301,f,l45,Hypoponera_sp1,NA
1301,f,j45,Hypoponera_sp1,NA
1301,f,j49,Hypoponera_sp1,NA
1301,p,g48,Hypoponera_sp1,NA
1301,s,h46,Hypoponera_sp1,NA
1301,s,l46,Hypoponera_sp1,NA
2108,f,c1,Hypoponera_sp1,NA
2108,f,c0,Hypoponera_sp1,NA
2108,f,c2,Hypoponera_sp1,NA
2108,f,c5,Hypoponera_sp1,NA
2108,f,e3,Hypoponera_sp1,NA
2108,f,f2,Hypoponera_sp1,NA
2108,f,d1,Hypoponera_sp1,NA
2108,f,f5,Hypoponera_sp1,NA
2108,f,b2,Hypoponera_sp1,NA
2108,f,a0,Hypoponera_sp1,NA
2108,f,d3,Hypoponera_sp1,NA
2108,f,a3,Hypoponera_sp1,NA
2108,f,a4,Hypoponera_sp1,NA
2108,f,a1,Hypoponera_sp1,NA
2108,f,d2,Hypoponera_sp1,NA
2108,f,d4,Hypoponera_sp1,NA
2108,f,e1,Hypoponera_sp1,NA
2108,f,b4,Hypoponera_sp1,NA
2108,s,f4,Hypoponera_sp1,NA
2206,f,r2,Hypoponera_sp1,NA
2206,f,n3,Hypoponera_sp1,NA
2206,f,n2,Hypoponera_sp1,NA
2206,f,n5,Hypoponera_sp1,NA
2206,f,m5,Hypoponera_sp1,NA
2206,f,n7,Hypoponera_sp1,NA
2206,f,m6,Hypoponera_sp1,NA
2206,f,q4,Hypoponera_sp1,NA
2206,f,o5,Hypoponera_sp1,NA
2206,f,m3,Hypoponera_sp1,NA
2206,p,q7,Hypoponera_sp1,NA
2206,p,r7,Hypoponera_sp1,NA
2303,f,k26,Hypoponera_sp1,NA
2303,f,i29,Hypoponera_sp1,NA
2303,f,g26,Hypoponera_sp1,NA
2303,f,j26,Hypoponera_sp1,NA
2303,f,l28,Hypoponera_sp1,NA
2303,f,g30,Hypoponera_sp1,NA
2303,f,g28,Hypoponera_sp1,NA
2303,f,i30,Hypoponera_sp1,NA
2303,f,j27,Hypoponera_sp1,NA
2303,f,j30,Hypoponera_sp1,NA
2303,f,g27,Hypoponera_sp1,NA
2303,f,k30,Hypoponera_sp1,NA
2303,f,l25,Hypoponera_sp1,NA
2303,f,j28,Hypoponera_sp1,NA
2303,f,h29,Hypoponera_sp1,NA
2303,f,i27,Hypoponera_sp1,NA
2303,f,i26,Hypoponera_sp1,NA
2303,s,h26,Hypoponera_sp1,NA
2303,s,h30,Hypoponera_sp1,NA
3114,f,f5,Hypoponera_sp1,NA
3114,f,d3,Hypoponera_sp1,NA
3114,f,b3,Hypoponera_sp1,NA
3114,f,d5,Hypoponera_sp1,NA
3114,f,f4,Hypoponera_sp1,NA
3114,f,e5,Hypoponera_sp1,NA
3114,f,f0,Hypoponera_sp1,NA
3114,f,b2,Hypoponera_sp1,NA
3114,f,c4,Hypoponera_sp1,NA
3114,f,e4,Hypoponera_sp1,NA
3114,s,a1,Hypoponera_sp1,NA
3209,f,k11,Hypoponera_sp1,NA
3209,f,f8,Hypoponera_sp1,NA
3209,f,h10,Hypoponera_sp1,NA
3209,f,h12,Hypoponera_sp1,NA
3209,f,i10,Hypoponera_sp1,NA
3209,f,g7,Hypoponera_sp1,NA
3209,f,g12,Hypoponera_sp1,NA
3209,f,i12,Hypoponera_sp1,NA
3209,f,k12,Hypoponera_sp1,NA
3209,f,g11,Hypoponera_sp1,NA
3209,f,k7,Hypoponera_sp1,NA
3209,f,j12,Hypoponera_sp1,NA
3209,f,g9,Hypoponera_sp1,NA
3209,f,j11,Hypoponera_sp1,NA
3304,f,i32,Hypoponera_sp1,NA
3304,f,i30,Hypoponera_sp1,NA
3304,f,j32,Hypoponera_sp1,NA
3304,f,j29,Hypoponera_sp1,NA
3304,f,k28,Hypoponera_sp1,NA
3304,f,g32,Hypoponera_sp1,NA
3304,f,k33,Hypoponera_sp1,NA
3304,f,h33,Hypoponera_sp1,NA
3304,p,l28,Hypoponera_sp1,NA
3304,s,h32,Hypoponera_sp1,NA
1104,f,a5,Hypoponera_sp2,NA
1104,f,b0,Hypoponera_sp2,NA
1104,f,c2,Hypoponera_sp2,NA
1104,f,d0,Hypoponera_sp2,NA
1104,f,e1,Hypoponera_sp2,NA
1104,f,e3,Hypoponera_sp2,NA
1104,f,e2,Hypoponera_sp2,NA
1104,f,e4,Hypoponera_sp2,NA
1104,f,f3,Hypoponera_sp2,NA
1104,f,b1,Hypoponera_sp2,NA
1104,f,f1,Hypoponera_sp2,NA
1104,f,f4,Hypoponera_sp2,NA
1104,f,a0,Hypoponera_sp2,NA
1104,f,a4,Hypoponera_sp2,NA
1104,f,b3,Hypoponera_sp2,NA
1104,f,f5,Hypoponera_sp2,NA
1104,f,a2,Hypoponera_sp2,NA
1104,f,c4,Hypoponera_sp2,NA
1104,f,d1,Hypoponera_sp2,NA
1104,f,d3,Hypoponera_sp2,NA
1104,f,d2,Hypoponera_sp2,NA
1104,f,d5,Hypoponera_sp2,NA
1104,f,f0,Hypoponera_sp2,NA
1104,s,c5,Hypoponera_sp2,NA
1104,s,b4,Hypoponera_sp2,NA
1104,s,a1,Hypoponera_sp2,NA
1104,s,a3,Hypoponera_sp2,NA
1202,f,m11,Hypoponera_sp2,NA
1202,f,l11,Hypoponera_sp2,NA
1202,f,n14,Hypoponera_sp2,NA
1202,f,i14,Hypoponera_sp2,NA
1202,f,i10,Hypoponera_sp2,NA
1202,f,l9,Hypoponera_sp2,NA
1202,f,k13,Hypoponera_sp2,NA
1202,f,i12,Hypoponera_sp2,NA
1202,f,l13,Hypoponera_sp2,NA
1202,f,m14,Hypoponera_sp2,NA
1202,f,j9,Hypoponera_sp2,NA
1202,f,m12,Hypoponera_sp2,NA
1202,f,k11,Hypoponera_sp2,NA
1202,f,j14,Hypoponera_sp2,NA
1202,f,k9,Hypoponera_sp2,NA
1202,f,i9,Hypoponera_sp2,NA
1202,f,n13,Hypoponera_sp2,NA
1202,f,m9,Hypoponera_sp2,NA
1202,f,n12,Hypoponera_sp2,NA
1202,f,n11,Hypoponera_sp2,NA
1202,f,m10,Hypoponera_sp2,NA
1202,s,k14,Hypoponera_sp2,NA
1202,s,i13,Hypoponera_sp2,NA
1202,s,l12,Hypoponera_sp2,NA
1301,f,j47,Hypoponera_sp2,NA
1301,f,g48,Hypoponera_sp2,NA
1301,f,i48,Hypoponera_sp2,NA
1301,f,h47,Hypoponera_sp2,NA
1301,f,l47,Hypoponera_sp2,NA
1301,f,l49,Hypoponera_sp2,NA
1301,f,l45,Hypoponera_sp2,NA
1301,s,i45,Hypoponera_sp2,NA
1301,s,h46,Hypoponera_sp2,NA
1301,s,i47,Hypoponera_sp2,NA
2108,f,a1,Hypoponera_sp2,NA
2108,f,e5,Hypoponera_sp2,NA
2108,f,a0,Hypoponera_sp2,NA
2108,f,f1,Hypoponera_sp2,NA
2108,f,f2,Hypoponera_sp2,NA
2108,f,c0,Hypoponera_sp2,NA
2108,f,d2,Hypoponera_sp2,NA
2108,f,b4,Hypoponera_sp2,NA
2108,f,d0,Hypoponera_sp2,NA
2108,f,a3,Hypoponera_sp2,NA
2108,f,e3,Hypoponera_sp2,NA
2108,f,b5,Hypoponera_sp2,NA
2108,f,e0,Hypoponera_sp2,NA
2108,f,b1,Hypoponera_sp2,NA
2108,f,b0,Hypoponera_sp2,NA
2108,f,d1,Hypoponera_sp2,NA
2108,f,f5,Hypoponera_sp2,NA
2108,s,a5,Hypoponera_sp2,NA
2108,s,f3,Hypoponera_sp2,NA
2108,s,d4,Hypoponera_sp2,NA
2108,s,c1,Hypoponera_sp2,NA
2206,f,p5,Hypoponera_sp2,NA
2206,f,r5,Hypoponera_sp2,NA
2206,f,q3,Hypoponera_sp2,NA
2206,f,n5,Hypoponera_sp2,NA
2206,f,q4,Hypoponera_sp2,NA
2206,f,r2,Hypoponera_sp2,NA
2206,f,r4,Hypoponera_sp2,NA
2206,f,r7,Hypoponera_sp2,NA
2206,f,p4,Hypoponera_sp2,NA
2206,f,n3,Hypoponera_sp2,NA
2206,f,o7,Hypoponera_sp2,NA
2206,f,q7,Hypoponera_sp2,NA
2206,f,n4,Hypoponera_sp2,NA
2206,f,n7,Hypoponera_sp2,NA
2206,f,p7,Hypoponera_sp2,NA
2206,f,r3,Hypoponera_sp2,NA
2206,f,n6,Hypoponera_sp2,NA
2206,f,o6,Hypoponera_sp2,NA
2206,s,q2,Hypoponera_sp2,NA
2206,s,m6,Hypoponera_sp2,NA
2303,f,h28,Hypoponera_sp2,NA
2303,f,j28,Hypoponera_sp2,NA
2303,f,i29,Hypoponera_sp2,NA
2303,f,i25,Hypoponera_sp2,NA
2303,f,j25,Hypoponera_sp2,NA
2303,f,h29,Hypoponera_sp2,NA
2303,f,k30,Hypoponera_sp2,NA
2303,f,j30,Hypoponera_sp2,NA
2303,f,g29,Hypoponera_sp2,NA
2303,f,h26,Hypoponera_sp2,NA
2303,f,h27,Hypoponera_sp2,NA
2303,f,i26,Hypoponera_sp2,NA
2303,s,i27,Hypoponera_sp2,NA
2303,s,g30,Hypoponera_sp2,NA
2303,s,i28,Hypoponera_sp2,NA
2303,s,i30,Hypoponera_sp2,NA
3114,f,c0,Hypoponera_sp2,NA
3114,f,f3,Hypoponera_sp2,NA
3114,f,e0,Hypoponera_sp2,NA
3114,f,b3,Hypoponera_sp2,NA
3114,f,f5,Hypoponera_sp2,NA
3114,f,d4,Hypoponera_sp2,NA
3114,f,e2,Hypoponera_sp2,NA
3114,f,a3,Hypoponera_sp2,NA
3114,f,c2,Hypoponera_sp2,NA
3114,f,d5,Hypoponera_sp2,NA
3114,s,c5,Hypoponera_sp2,NA
3114,s,b2,Hypoponera_sp2,NA
3114,s,c4,Hypoponera_sp2,NA
3209,f,h7,Hypoponera_sp2,NA
3209,f,k12,Hypoponera_sp2,NA
3209,f,h9,Hypoponera_sp2,NA
3209,f,f11,Hypoponera_sp2,NA
3209,f,g12,Hypoponera_sp2,NA
3209,f,f9,Hypoponera_sp2,NA
3209,f,j12,Hypoponera_sp2,NA
3209,f,i9,Hypoponera_sp2,NA
3209,f,i8,Hypoponera_sp2,NA
3209,f,i7,Hypoponera_sp2,NA
3209,f,k9,Hypoponera_sp2,NA
3209,f,j11,Hypoponera_sp2,NA
3209,f,f7,Hypoponera_sp2,NA
3209,f,k8,Hypoponera_sp2,NA
3209,f,j9,Hypoponera_sp2,NA
3209,f,j8,Hypoponera_sp2,NA
3209,f,g7,Hypoponera_sp2,NA
3209,s,h11,Hypoponera_sp2,NA
3209,s,k11,Hypoponera_sp2,NA
3209,s,f12,Hypoponera_sp2,NA
3209,s,i11,Hypoponera_sp2,NA
3304,f,l30,Hypoponera_sp2,NA
3304,f,h32,Hypoponera_sp2,NA
3304,f,j31,Hypoponera_sp2,NA
3304,f,h29,Hypoponera_sp2,NA
3304,f,k32,Hypoponera_sp2,NA
3304,f,h30,Hypoponera_sp2,NA
3304,f,i31,Hypoponera_sp2,NA
3304,f,g28,Hypoponera_sp2,NA
3304,f,i33,Hypoponera_sp2,NA
3304,f,i30,Hypoponera_sp2,NA
3304,f,g30,Hypoponera_sp2,NA
3304,f,i29,Hypoponera_sp2,NA
3304,f,k31,Hypoponera_sp2,NA
3304,f,h28,Hypoponera_sp2,NA
3304,f,g31,Hypoponera_sp2,NA
3304,f,k29,Hypoponera_sp2,NA
3304,f,l29,Hypoponera_sp2,NA
3304,f,j30,Hypoponera_sp2,NA
3304,f,l32,Hypoponera_sp2,NA
3304,f,h31,Hypoponera_sp2,NA
3304,f,l28,Hypoponera_sp2,NA
3304,f,k33,Hypoponera_sp2,NA
3304,s,i32,Hypoponera_sp2,NA
3304,s,g33,Hypoponera_sp2,NA
3304,s,k30,Hypoponera_sp2,NA
1104,f,c3,Hypoponera_sp3,NA
1104,f,b2,Hypoponera_sp3,NA
1104,f,d4,Hypoponera_sp3,NA
1104,f,c5,Hypoponera_sp3,NA
1104,f,f2,Hypoponera_sp3,NA
1104,f,f1,Hypoponera_sp3,NA
1104,p,b5,Hypoponera_sp3,NA
1104,s,a0,Hypoponera_sp3,NA
1202,f,m13,Hypoponera_sp3,NA
1202,f,i11,Hypoponera_sp3,NA
1202,f,k12,Hypoponera_sp3,NA
1202,f,m9,Hypoponera_sp3,NA
1301,s,j48,Hypoponera_sp3,NA
1301,s,g50,Hypoponera_sp3,NA
1301,s,i47,Hypoponera_sp3,NA
2108,f,a2,Hypoponera_sp3,NA
2108,f,a3,Hypoponera_sp3,NA
2108,f,f3,Hypoponera_sp3,NA
2108,f,c1,Hypoponera_sp3,NA
2108,f,c5,Hypoponera_sp3,NA
2108,f,b4,Hypoponera_sp3,NA
2108,f,b5,Hypoponera_sp3,NA
2108,p,d4,Hypoponera_sp3,NA
2108,s,e4,Hypoponera_sp3,NA
2108,s,b3,Hypoponera_sp3,NA
2108,s,b2,Hypoponera_sp3,NA
2108,s,e1,Hypoponera_sp3,NA
2108,s,c2,Hypoponera_sp3,NA
2108,s,f1,Hypoponera_sp3,NA
2108,s,b0,Hypoponera_sp3,NA
2108,s,d1,Hypoponera_sp3,NA
2108,s,e3,Hypoponera_sp3,NA
2206,f,o6,Hypoponera_sp3,NA
2206,f,p5,Hypoponera_sp3,NA
2206,f,n3,Hypoponera_sp3,NA
2206,f,o3,Hypoponera_sp3,NA
2206,f,o7,Hypoponera_sp3,NA
2206,f,r5,Hypoponera_sp3,NA
2206,f,m4,Hypoponera_sp3,NA
2206,f,n6,Hypoponera_sp3,NA
2206,f,q5,Hypoponera_sp3,NA
2206,s,n2,Hypoponera_sp3,NA
2206,s,r7,Hypoponera_sp3,NA
2206,s,m2,Hypoponera_sp3,NA
2303,f,k27,Hypoponera_sp3,NA
2303,f,j30,Hypoponera_sp3,NA
2303,f,l29,Hypoponera_sp3,NA
2303,f,h28,Hypoponera_sp3,NA
2303,s,i29,Hypoponera_sp3,NA
2303,s,h30,Hypoponera_sp3,NA
2303,s,h27,Hypoponera_sp3,NA
2303,s,k29,Hypoponera_sp3,NA
2303,s,g27,Hypoponera_sp3,NA
2303,s,k30,Hypoponera_sp3,NA
3114,p,b1,Hypoponera_sp3,NA
3114,s,a5,Hypoponera_sp3,NA
3114,s,a2,Hypoponera_sp3,NA
3114,s,e3,Hypoponera_sp3,NA
3209,f,k7,Hypoponera_sp3,NA
3209,f,f8,Hypoponera_sp3,NA
3209,f,h8,Hypoponera_sp3,NA
3209,s,i10,Hypoponera_sp3,NA
3304,s,g29,Hypoponera_sp3,NA
3304,s,i31,Hypoponera_sp3,NA
1104,f,e0,Hypoponera_sp4,NA
1104,f,b1,Hypoponera_sp4,NA
1104,f,d5,Hypoponera_sp4,NA
1104,f,f4,Hypoponera_sp4,NA
1104,f,a5,Hypoponera_sp4,NA
1104,f,e2,Hypoponera_sp4,NA
1104,f,c5,Hypoponera_sp4,NA
1104,f,d4,Hypoponera_sp4,NA
1104,f,c0,Hypoponera_sp4,NA
1104,f,b5,Hypoponera_sp4,NA
1104,f,d2,Hypoponera_sp4,NA
1104,f,f5,Hypoponera_sp4,NA
1104,f,c4,Hypoponera_sp4,NA
1104,s,b0,Hypoponera_sp4,NA
1202,f,j11,Hypoponera_sp4,NA
1202,f,j14,Hypoponera_sp4,NA
1202,f,m12,Hypoponera_sp4,NA
1202,f,k13,Hypoponera_sp4,NA
1202,f,j10,Hypoponera_sp4,NA
1202,f,k12,Hypoponera_sp4,NA
1202,f,n11,Hypoponera_sp4,NA
1202,f,j12,Hypoponera_sp4,NA
1202,f,m10,Hypoponera_sp4,NA
1202,s,i12,Hypoponera_sp4,NA
1202,s,l9,Hypoponera_sp4,NA
1301,f,i47,Hypoponera_sp4,NA
1301,f,k46,Hypoponera_sp4,NA
1301,f,k47,Hypoponera_sp4,NA
1301,f,l50,Hypoponera_sp4,NA
1301,f,l48,Hypoponera_sp4,NA
1301,f,g50,Hypoponera_sp4,NA
1301,f,h46,Hypoponera_sp4,NA
1301,f,j45,Hypoponera_sp4,NA
1301,f,l47,Hypoponera_sp4,NA
1301,f,l46,Hypoponera_sp4,NA
1301,f,g46,Hypoponera_sp4,NA
1301,p,j50,Hypoponera_sp4,NA
1301,s,h48,Hypoponera_sp4,NA
2108,f,f0,Hypoponera_sp4,NA
2108,f,b4,Hypoponera_sp4,NA
2108,f,d3,Hypoponera_sp4,NA
2108,f,a3,Hypoponera_sp4,NA
2108,f,c0,Hypoponera_sp4,NA
2108,f,b1,Hypoponera_sp4,NA
2108,f,e5,Hypoponera_sp4,NA
2108,f,f5,Hypoponera_sp4,NA
2206,f,q3,Hypoponera_sp4,NA
2206,f,o7,Hypoponera_sp4,NA
2206,f,r2,Hypoponera_sp4,NA
2206,f,m3,Hypoponera_sp4,NA
2206,f,p3,Hypoponera_sp4,NA
2206,f,m5,Hypoponera_sp4,NA
2303,f,h30,Hypoponera_sp4,NA
2303,f,h28,Hypoponera_sp4,NA
2303,f,k28,Hypoponera_sp4,NA
2303,f,g27,Hypoponera_sp4,NA
2303,f,l30,Hypoponera_sp4,NA
2303,f,j28,Hypoponera_sp4,NA
3114,f,c1,Hypoponera_sp4,NA
3114,f,e0,Hypoponera_sp4,NA
3114,f,f4,Hypoponera_sp4,NA
3114,f,a4,Hypoponera_sp4,NA
3114,f,b5,Hypoponera_sp4,NA
3114,f,f2,Hypoponera_sp4,NA
3114,f,f5,Hypoponera_sp4,NA
3114,f,a2,Hypoponera_sp4,NA
3114,p,d3,Hypoponera_sp4,NA
3209,f,i10,Hypoponera_sp4,NA
3209,f,h11,Hypoponera_sp4,NA
3209,f,g9,Hypoponera_sp4,NA
3209,f,j10,Hypoponera_sp4,NA
3209,f,h12,Hypoponera_sp4,NA
3209,f,g11,Hypoponera_sp4,NA
3209,f,k9,Hypoponera_sp4,NA
3209,f,i9,Hypoponera_sp4,NA
3209,f,h7,Hypoponera_sp4,NA
3209,s,j11,Hypoponera_sp4,NA
3304,f,i29,Hypoponera_sp4,NA
3304,f,j28,Hypoponera_sp4,NA
3304,f,h28,Hypoponera_sp4,NA
3304,f,h33,Hypoponera_sp4,NA
3304,f,l30,Hypoponera_sp4,NA
3304,f,h29,Hypoponera_sp4,NA
3304,p,h30,Hypoponera_sp4,NA
3304,p,l28,Hypoponera_sp4,NA
3304,s,k28,Hypoponera_sp4,NA
1104,f,f1,Hypoponera_sp5,NA
1202,f,n11,Hypoponera_sp5,NA
1202,f,m13,Hypoponera_sp5,NA
1202,f,m12,Hypoponera_sp5,NA
1301,f,g47,Hypoponera_sp5,NA
1301,f,g45,Hypoponera_sp5,NA
1301,f,k48,Hypoponera_sp5,NA
1301,f,l45,Hypoponera_sp5,NA
1301,f,h50,Hypoponera_sp5,NA
1301,f,k47,Hypoponera_sp5,NA
1301,s,i45,Hypoponera_sp5,NA
1301,s,h47,Hypoponera_sp5,NA
1301,s,h48,Hypoponera_sp5,NA
2108,s,f3,Hypoponera_sp5,NA
2206,f,q4,Hypoponera_sp5,NA
2206,f,p4,Hypoponera_sp5,NA
2206,f,q7,Hypoponera_sp5,NA
2206,s,m7,Hypoponera_sp5,NA
2303,f,h27,Hypoponera_sp5,NA
2303,f,i25,Hypoponera_sp5,NA
2303,f,g25,Hypoponera_sp5,NA
2303,f,i30,Hypoponera_sp5,NA
2303,f,h25,Hypoponera_sp5,NA
2303,s,k30,Hypoponera_sp5,NA
3114,f,f4,Hypoponera_sp5,NA
3114,f,c0,Hypoponera_sp5,NA
3114,f,e3,Hypoponera_sp5,NA
3209,f,f11,Hypoponera_sp5,NA
3209,f,i7,Hypoponera_sp5,NA
3209,f,h12,Hypoponera_sp5,NA
3209,f,k9,Hypoponera_sp5,NA
3209,f,f9,Hypoponera_sp5,NA
3209,f,k7,Hypoponera_sp5,NA
3209,f,i11,Hypoponera_sp5,NA
3304,f,k28,Hypoponera_sp5,NA
3304,f,l29,Hypoponera_sp5,NA
3304,f,i29,Hypoponera_sp5,NA
3304,f,k29,Hypoponera_sp5,NA
3304,f,h31,Hypoponera_sp5,NA
3304,f,g30,Hypoponera_sp5,NA
3304,f,i28,Hypoponera_sp5,NA
3304,f,g32,Hypoponera_sp5,NA
3304,s,j28,Hypoponera_sp5,NA
1104,s,e5,Hypoponera_sp6,NA
1104,s,a5,Hypoponera_sp6,NA
1301,f,k49,Hypoponera_sp6,NA
1301,f,l47,Hypoponera_sp6,NA
1301,s,i50,Hypoponera_sp6,NA
2108,s,e0,Hypoponera_sp6,NA
2108,s,b4,Hypoponera_sp6,NA
2303,s,i27,Hypoponera_sp6,NA
3209,f,j11,Hypoponera_sp6,NA
3209,f,g12,Hypoponera_sp6,NA
3209,f,k8,Hypoponera_sp6,NA
3209,f,h7,Hypoponera_sp6,NA
1104,f,a0,Hypoponera_sp7,NA
1104,f,b1,Hypoponera_sp7,NA
1104,f,b2,Hypoponera_sp7,NA
1104,f,e0,Hypoponera_sp7,NA
1104,f,f4,Hypoponera_sp7,NA
1104,f,b5,Hypoponera_sp7,NA
1104,f,b0,Hypoponera_sp7,NA
1104,f,a1,Hypoponera_sp7,NA
1104,f,a2,Hypoponera_sp7,NA
1104,f,c1,Hypoponera_sp7,NA
1104,f,b4,Hypoponera_sp7,NA
1104,f,f5,Hypoponera_sp7,NA
1104,f,c0,Hypoponera_sp7,NA
1104,f,e4,Hypoponera_sp7,NA
1104,f,d5,Hypoponera_sp7,NA
1104,s,c5,Hypoponera_sp7,NA
1202,f,j12,Hypoponera_sp7,NA
1202,f,i12,Hypoponera_sp7,NA
1202,f,k11,Hypoponera_sp7,NA
1202,f,n10,Hypoponera_sp7,NA
1202,f,m13,Hypoponera_sp7,NA
1202,s,i11,Hypoponera_sp7,NA
1202,s,j10,Hypoponera_sp7,NA
1202,s,n11,Hypoponera_sp7,NA
1202,s,j11,Hypoponera_sp7,NA
1202,s,n12,Hypoponera_sp7,NA
1202,s,i14,Hypoponera_sp7,NA
1202,s,l12,Hypoponera_sp7,NA
1301,f,k50,Hypoponera_sp7,NA
1301,f,k48,Hypoponera_sp7,NA
1301,f,l48,Hypoponera_sp7,NA
2108,f,c5,Hypoponera_sp7,NA
2108,f,e2,Hypoponera_sp7,NA
2108,f,b5,Hypoponera_sp7,NA
2108,s,a4,Hypoponera_sp7,NA
2108,s,e0,Hypoponera_sp7,NA
2108,s,e5,Hypoponera_sp7,NA
2206,f,n2,Hypoponera_sp7,NA
2206,f,m6,Hypoponera_sp7,NA
2206,f,o4,Hypoponera_sp7,NA
2206,f,o3,Hypoponera_sp7,NA
2206,f,m5,Hypoponera_sp7,NA
2206,f,m4,Hypoponera_sp7,NA
2206,f,n4,Hypoponera_sp7,NA
2206,f,r2,Hypoponera_sp7,NA
2206,f,n5,Hypoponera_sp7,NA
2303,f,h29,Hypoponera_sp7,NA
2303,f,h28,Hypoponera_sp7,NA
2303,f,i30,Hypoponera_sp7,NA
2303,f,l27,Hypoponera_sp7,NA
2303,f,j30,Hypoponera_sp7,NA
2303,f,g29,Hypoponera_sp7,NA
2303,f,g27,Hypoponera_sp7,NA
2303,f,g26,Hypoponera_sp7,NA
2303,f,h25,Hypoponera_sp7,NA
2303,s,j25,Hypoponera_sp7,NA
2303,s,g30,Hypoponera_sp7,NA
2303,s,k27,Hypoponera_sp7,NA
2303,s,i28,Hypoponera_sp7,NA
3114,f,d3,Hypoponera_sp7,NA
3114,f,a4,Hypoponera_sp7,NA
3114,f,b3,Hypoponera_sp7,NA
3209,f,i12,Hypoponera_sp7,NA
3209,f,h7,Hypoponera_sp7,NA
3209,f,g8,Hypoponera_sp7,NA
3209,f,f12,Hypoponera_sp7,NA
3209,f,h12,Hypoponera_sp7,NA
3209,f,g9,Hypoponera_sp7,NA
3209,f,k10,Hypoponera_sp7,NA
3209,f,i9,Hypoponera_sp7,NA
3209,s,f10,Hypoponera_sp7,NA
3209,s,f11,Hypoponera_sp7,NA
3209,s,g10,Hypoponera_sp7,NA
3209,s,g12,Hypoponera_sp7,NA
3209,s,i10,Hypoponera_sp7,NA
3304,f,j28,Hypoponera_sp7,NA
3304,f,k30,Hypoponera_sp7,NA
3304,f,i29,Hypoponera_sp7,NA
3304,f,g32,Hypoponera_sp7,NA
3304,f,h31,Hypoponera_sp7,NA
3304,s,l28,Hypoponera_sp7,NA
3304,s,l30,Hypoponera_sp7,NA
3304,s,g33,Hypoponera_sp7,NA
3304,s,g28,Hypoponera_sp7,NA
2303,p,i26,Labidus_praedator,Forest
2303,p,i27,Labidus_praedator,Forest
2303,p,j25,Labidus_praedator,Forest
3209,f,f9,Lachnomyrmex_amazonicus,Forest
2108,f,a3,Lachnomyrmex_pilosus,Forest
1202,s,m14,Leptanilloides_amazonus,Generalist
1301,s,h46,Leptanilloides_manauara,Forest
1104,p,a5,Leptogenys_gaigei,Forest
1202,p,l10,Leptogenys_gaigei,Forest
1202,p,l9,Leptogenys_gaigei,Forest
3114,p,e5,Leptogenys_gaigei,Forest
3114,p,b1,Leptogenys_gaigei,Forest
3209,p,f11,Leptogenys_gaigei,Forest
3209,p,h8,Leptogenys_gaigei,Forest
3304,p,j30,Leptogenys_gaigei,Forest
3114,s,d4,Leptogenys_langi,Forest
2108,p,c4,Leptogenys_pusilla,Generalist
2108,p,c0,Leptogenys_sp1,NA
3209,s,j7,Leptogenys_sp1,NA
2108,p,a0,Leptogenys_sp2,NA
3209,p,k11,Leptogenys_sp2,NA
3114,p,b4,Linepithema_humile,Generalist
1104,p,e2,Mayaponera_arhuaca,Forest
1301,f,h50,Mayaponera_constricta,Forest
1301,f,i46,Mayaponera_constricta,Forest
1301,f,k46,Mayaponera_constricta,Forest
2108,f,d0,Mayaponera_constricta,Forest
2108,f,b0,Mayaponera_constricta,Forest
2108,f,d5,Mayaponera_constricta,Forest
2108,f,d2,Mayaponera_constricta,Forest
2108,p,b3,Mayaponera_constricta,Forest
2108,p,a0,Mayaponera_constricta,Forest
2108,p,c3,Mayaponera_constricta,Forest
2108,p,d1,Mayaponera_constricta,Forest
2108,p,f0,Mayaponera_constricta,Forest
2108,p,f1,Mayaponera_constricta,Forest
2108,p,a4,Mayaponera_constricta,Forest
2206,f,n4,Mayaponera_constricta,Forest
2206,f,o3,Mayaponera_constricta,Forest
2206,f,q6,Mayaponera_constricta,Forest
2206,f,o5,Mayaponera_constricta,Forest
2206,f,o2,Mayaponera_constricta,Forest
2206,f,q3,Mayaponera_constricta,Forest
2303,f,g29,Mayaponera_constricta,Forest
2303,f,h28,Mayaponera_constricta,Forest
2303,p,g28,Mayaponera_constricta,Forest
3114,p,a4,Mayaponera_constricta,Forest
3209,p,k9,Mayaponera_constricta,Forest
3304,p,i32,Mayaponera_constricta,Forest
2108,f,e3,Megalomyrmex_ayri,Forest
1301,p,i49,Megalomyrmex_balzani,Forest
3209,f,g7,Megalomyrmex_balzani,Forest
3209,p,f8,Megalomyrmex_balzani,Forest
1202,f,n9,Megalomyrmex_cuatiara,Forest
1202,f,n13,Megalomyrmex_cuatiara,Forest
1301,f,l46,Megalomyrmex_cuatiara,Forest
2108,f,a3,Megalomyrmex_cuatiara,Forest
2206,f,m6,Megalomyrmex_cuatiara,Forest
2303,f,j26,Megalomyrmex_cuatiara,Forest
1301,f,h49,Megalomyrmex_drifti,Forest
3114,f,b2,Megalomyrmex_drifti,Forest
2206,p,m4,Megalomyrmex_goeldii,Forest
2206,p,m3,Megalomyrmex_goeldii,Forest
2303,f,i30,Megalomyrmex_goeldii,Forest
3114,p,d3,Megalomyrmex_goeldii,Forest
1104,f,a1,Megalomyrmex_incisus,Forest
1202,f,m11,Megalomyrmex_incisus,Forest
2206,f,o2,Megalomyrmex_incisus,Forest
2108,f,c0,Megalomyrmex_silvestrii,Forest
2303,p,g25,Megalomyrmex_silvestrii,Forest
3114,f,e1,Megalomyrmex_silvestrii,Forest
3304,f,h30,Megalomyrmex_silvestrii,Forest
1202,f,l10,Megalomyrmex_weyrauchi,Forest
2303,f,j27,Megalomyrmex_weyrauchi,Forest
1202,f,m13,Mycetarotes_senticosus,Open habitat
1301,s,l48,Mycetarotes_senticosus,Open habitat
1104,p,f5,Mycetomoellerius_farinosus,Generalist
1202,f,i9,Mycetomoellerius_farinosus,Generalist
1202,s,i11,Mycetomoellerius_farinosus,Generalist
1202,s,k14,Mycetomoellerius_farinosus,Generalist
1301,p,g47,Mycetomoellerius_farinosus,Generalist
2206,p,n6,Mycetomoellerius_farinosus,Generalist
2206,s,r7,Mycetomoellerius_farinosus,Generalist
2303,p,g30,Mycetomoellerius_farinosus,Generalist
3114,p,e2,Mycetomoellerius_farinosus,Generalist
3209,p,h7,Mycetomoellerius_farinosus,Generalist
3304,p,k30,Mycetomoellerius_farinosus,Generalist
1202,f,i9,Mycetomoellerius_relictus,Forest
1301,f,k50,Mycetomoellerius_relictus,Forest
1104,p,b4,Mycetomoellerius_ruthae,Generalist
1301,f,l48,Mycetomoellerius_ruthae,Generalist
1301,p,l47,Mycetomoellerius_ruthae,Generalist
2206,f,o4,Mycetomoellerius_ruthae,Generalist
2206,f,o3,Mycetomoellerius_ruthae,Generalist
2206,p,n3,Mycetomoellerius_ruthae,Generalist
2206,p,o6,Mycetomoellerius_ruthae,Generalist
2303,f,i27,Mycetomoellerius_ruthae,Generalist
2303,p,k28,Mycetomoellerius_ruthae,Generalist
1104,p,e1,Myrmicocrypta_sp1,NA
1301,f,j47,Myrmicocrypta_sp1,NA
2303,p,g27,Myrmicocrypta_sp1,NA
3114,p,f1,Myrmicocrypta_sp1,NA
3304,f,h29,Myrmicocrypta_sp1,NA
1104,p,a5,Myrmicocrypta_sp2,NA
1104,f,c3,Myrmicocrypta_sp2,NA
1104,p,c2,Myrmicocrypta_sp2,NA
1104,p,a5,Myrmicocrypta_sp2,NA
1202,f,i9,Myrmicocrypta_sp2,NA
1202,s,m9,Myrmicocrypta_sp2,NA
1301,f,k46,Myrmicocrypta_sp2,NA
1301,s,j47,Myrmicocrypta_sp2,NA
2108,f,f2,Myrmicocrypta_sp2,NA
2108,s,c0,Myrmicocrypta_sp2,NA
2206,f,o5,Myrmicocrypta_sp2,NA
2303,f,j30,Myrmicocrypta_sp2,NA
2303,f,g30,Myrmicocrypta_sp2,NA
2303,f,g28,Myrmicocrypta_sp2,NA
2303,s,l27,Myrmicocrypta_sp2,NA
2303,s,l28,Myrmicocrypta_sp2,NA
2303,s,h30,Myrmicocrypta_sp2,NA
3304,s,g31,Myrmicocrypta_sp2,NA
1202,s,m12,Neivamyrmex_carettei,Open habitat
1202,s,m14,Neivamyrmex_carettei,Open habitat
1301,s,h46,Neivamyrmex_carettei,Open habitat
2108,s,d0,Neivamyrmex_carettei,Open habitat
1104,p,d3,Neivamyrmex_iridescens,Generalist
1301,p,g45,Neivamyrmex_pilosus,Forest
1301,p,j47,Neivamyrmex_pilosus,Forest
1301,p,l46,Neivamyrmex_pilosus,Forest
1202,p,l13,Neivamyrmex_sp2,NA
1301,p,l48,Neivamyrmex_sp2,NA
1301,s,l45,Neocerapachy_splendens,Forest
2206,s,n6,Neocerapachy_splendens,Forest
2303,f,j25,Neocerapachy_splendens,Forest
3209,s,f10,Neocerapachy_splendens,Forest
2303,p,k30,Neoponera_apicalis,Forest
3209,p,j11,Neoponera_apicalis,Forest
3209,p,j9,Neoponera_apicalis,Forest
1202,p,j14,Neoponera_commutata,Generalist
2206,p,p6,Neoponera_commutata,Generalist
2206,p,p3,Neoponera_commutata,Generalist
2303,p,k28,Neoponera_commutata,Generalist
3114,p,f3,Neoponera_commutata,Generalist
1202,s,m11,Neoponera_laevigata,Generalist
1301,p,k45,Neoponera_laevigata,Generalist
1301,p,h48,Neoponera_laevigata,Generalist
1301,p,k46,Neoponera_obscuricornis,Forest
1301,p,i48,Neoponera_obscuricornis,Forest
3114,p,a5,Neoponera_obscuricornis,Forest
3114,p,d4,Neoponera_obscuricornis,Forest
3114,p,b5,Neoponera_obscuricornis,Forest
3114,p,c0,Neoponera_obscuricornis,Forest
3209,p,h12,Neoponera_obscuricornis,Forest
3209,p,g11,Neoponera_obscuricornis,Forest
3209,p,k8,Neoponera_obscuricornis,Forest
3209,p,i9,Neoponera_obscuricornis,Forest
3209,p,f7,Neoponera_obscuricornis,Forest
3114,p,d5,Neoponera_obscuricornis,Forest
3304,p,k30,Neoponera_obscuricornis,Forest
3114,f,f1,Neoponera_villosa,Generalist
2108,p,e3,Nesomyrmex_asper,Forest
2206,p,m5,Nesomyrmex_asper,Forest
1301,f,j45,Nylanderia_sp1,NA
1301,p,l48,Nylanderia_sp1,NA
1301,p,j50,Nylanderia_sp1,NA
1301,p,i49,Nylanderia_sp1,NA
2206,p,o7,Nylanderia_sp1,NA
2303,p,g27,Nylanderia_sp1,NA
2303,p,i28,Nylanderia_sp1,NA
3114,f,d3,Nylanderia_sp1,NA
3304,f,j32,Nylanderia_sp1,NA
3304,p,k28,Nylanderia_sp1,NA
1202,p,n14,Nylanderia_sp1,NA
1202,p,j14,Nylanderia_sp2,NA
2108,f,e4,Nylanderia_sp2,NA
2108,p,e3,Nylanderia_sp2,NA
2108,p,e2,Nylanderia_sp2,NA
2206,f,q4,Nylanderia_sp2,NA
2206,f,p3,Nylanderia_sp2,NA
2303,f,g30,Nylanderia_sp2,NA
2303,p,j27,Nylanderia_sp2,NA
2303,p,k29,Nylanderia_sp2,NA
3114,f,a3,Nylanderia_sp2,NA
3114,p,e0,Nylanderia_sp2,NA
3209,f,j10,Nylanderia_sp2,NA
3209,f,f10,Nylanderia_sp2,NA
3209,f,f12,Nylanderia_sp2,NA
3209,p,i9,Nylanderia_sp2,NA
3209,s,k7,Nylanderia_sp2,NA
3304,f,l31,Nylanderia_sp2,NA
3304,p,k30,Nylanderia_sp2,NA
3304,s,l30,Nylanderia_sp2,NA
1301,f,g48,Nylanderia_sp3,NA
1301,f,l50,Nylanderia_sp3,NA
1301,f,i50,Nylanderia_sp3,NA
1301,f,k45,Nylanderia_sp3,NA
1301,f,i46,Nylanderia_sp3,NA
1301,f,h45,Nylanderia_sp3,NA
1301,f,i48,Nylanderia_sp3,NA
1301,p,l47,Nylanderia_sp3,NA
2108,f,a3,Nylanderia_sp3,NA
2108,f,e4,Nylanderia_sp3,NA
2206,f,q4,Nylanderia_sp3,NA
2206,f,o6,Nylanderia_sp3,NA
2206,p,o2,Nylanderia_sp3,NA
2303,f,k29,Nylanderia_sp3,NA
1301,s,i47,Nylanderia_sp3,NA
2206,s,n3,Nylanderia_sp3,NA
2303,f,j30,Nylanderia_sp3,NA
1104,p,d4,Nylanderia_sp4,NA
1202,p,j9,Nylanderia_sp4,NA
1202,p,l11,Nylanderia_sp4,NA
2108,s,e4,Nylanderia_sp4,NA
2206,p,m6,Nylanderia_sp4,NA
1104,f,b4,Nylanderia_sp5,NA
1202,f,n10,Nylanderia_sp5,NA
1202,f,k9,Nylanderia_sp5,NA
1301,f,k45,Nylanderia_sp5,NA
1301,f,i50,Nylanderia_sp5,NA
1301,f,h45,Nylanderia_sp5,NA
2303,f,l30,Nylanderia_sp5,NA
2303,f,h26,Nylanderia_sp5,NA
2303,f,g30,Nylanderia_sp5,NA
1202,f,k13,Nylanderia_sp5,NA
1202,f,j11,Nylanderia_sp6,NA
1301,f,i49,Nylanderia_sp6,NA
1301,s,j50,Nylanderia_sp6,NA
1301,s,g48,Nylanderia_sp6,NA
2108,s,e3,Nylanderia_sp6,NA
2108,s,a4,Nylanderia_sp6,NA
2206,f,r7,Nylanderia_sp6,NA
2206,f,q2,Nylanderia_sp6,NA
2206,f,o4,Nylanderia_sp6,NA
2206,f,q7,Nylanderia_sp6,NA
2206,f,o3,Nylanderia_sp6,NA
2206,f,o7,Nylanderia_sp6,NA
2303,f,l26,Nylanderia_sp6,NA
2303,f,k27,Nylanderia_sp6,NA
2303,f,i26,Nylanderia_sp6,NA
2303,f,i25,Nylanderia_sp6,NA
2303,s,h28,Nylanderia_sp6,NA
2303,s,h25,Nylanderia_sp6,NA
2303,s,i28,Nylanderia_sp6,NA
3114,s,a5,Nylanderia_sp6,NA
3114,s,e3,Nylanderia_sp6,NA
3209,f,i11,Nylanderia_sp6,NA
3209,f,f9,Nylanderia_sp6,NA
3304,f,k32,Nylanderia_sp6,NA
3304,f,h28,Nylanderia_sp6,NA
3304,f,g33,Nylanderia_sp6,NA
1104,f,d5,Nylanderia_sp7,NA
1104,f,e5,Nylanderia_sp7,NA
1301,f,h47,Nylanderia_sp7,NA
1301,f,h46,Nylanderia_sp7,NA
2206,f,o6,Nylanderia_sp7,NA
2206,f,o7,Nylanderia_sp7,NA
2206,f,m2,Nylanderia_sp7,NA
2303,f,i30,Nylanderia_sp7,NA
2303,f,h26,Nylanderia_sp7,NA
2303,f,l27,Nylanderia_sp7,NA
2303,f,g27,Nylanderia_sp7,NA
2303,f,h25,Nylanderia_sp7,NA
2303,f,l25,Nylanderia_sp7,NA
2303,f,l26,Nylanderia_sp7,NA
3114,f,e2,Nylanderia_sp7,NA
3114,s,b0,Nylanderia_sp7,NA
3209,f,f7,Nylanderia_sp7,NA
3304,f,g29,Nylanderia_sp7,NA
1202,p,j13,Ochetomyrmex_neopolitus,Forest
1202,p,k13,Ochetomyrmex_neopolitus,Forest
1202,p,k14,Ochetomyrmex_neopolitus,Forest
1301,f,l46,Ochetomyrmex_neopolitus,Forest
1202,p,i14,Ochetomyrmex_neopolitus,Forest
1301,p,l45,Ochetomyrmex_neopolitus,Forest
2108,p,b0,Ochetomyrmex_neopolitus,Forest
3304,p,l33,Ochetomyrmex_neopolitus,Forest
1104,f,a0,Ochetomyrmex_neopolitus,Forest
1104,s,a1,Ochetomyrmex_neopolitus,Forest
1202,f,i9,Ochetomyrmex_neopolitus,Forest
1202,p,l10,Ochetomyrmex_neopolitus,Forest
1202,p,l11,Ochetomyrmex_neopolitus,Forest
1301,f,i50,Ochetomyrmex_neopolitus,Forest
1301,f,i50,Ochetomyrmex_neopolitus,Forest
1301,p,k47,Ochetomyrmex_neopolitus,Forest
2108,f,d2,Ochetomyrmex_neopolitus,Forest
2206,f,m7,Ochetomyrmex_neopolitus,Forest
2303,f,j26,Ochetomyrmex_neopolitus,Forest
3114,f,d4,Ochetomyrmex_neopolitus,Forest
3114,f,c2,Ochetomyrmex_neopolitus,Forest
3114,p,b3,Ochetomyrmex_neopolitus,Forest
1202,f,m9,Ochetomyrmex_semipolitus,Generalist
1202,f,m12,Ochetomyrmex_semipolitus,Generalist
1202,f,n9,Ochetomyrmex_semipolitus,Generalist
1202,f,m13,Ochetomyrmex_semipolitus,Generalist
1301,f,j46,Ochetomyrmex_semipolitus,Generalist
1301,p,l45,Ochetomyrmex_semipolitus,Generalist
2206,f,r6,Ochetomyrmex_semipolitus,Generalist
2206,f,n2,Ochetomyrmex_semipolitus,Generalist
2303,p,k25,Ochetomyrmex_semipolitus,Generalist
3114,f,a5,Ochetomyrmex_semipolitus,Generalist
3114,f,a2,Ochetomyrmex_semipolitus,Generalist
3304,f,l28,Ochetomyrmex_semipolitus,Generalist
1301,p,g45,Octostruma_balzani,Forest
2303,f,i29,Octostruma_balzani,Forest
2303,f,i26,Octostruma_balzani,Forest
2303,f,i25,Octostruma_balzani,Forest
1202,f,k13,Octostruma_betshi,Forest
1104,f,b2,Odontomachus_caelatus,Forest
1104,f,c0,Odontomachus_caelatus,Forest
1104,f,d2,Odontomachus_caelatus,Forest
1104,p,a1,Odontomachus_caelatus,Forest
1104,p,e0,Odontomachus_caelatus,Forest
1202,f,n11,Odontomachus_caelatus,Forest
1202,f,i11,Odontomachus_caelatus,Forest
1301,p,j49,Odontomachus_caelatus,Forest
1301,p,l47,Odontomachus_caelatus,Forest
1301,p,g47,Odontomachus_caelatus,Forest
1301,p,l48,Odontomachus_caelatus,Forest
2108,p,f5,Odontomachus_caelatus,Forest
2206,f,o7,Odontomachus_caelatus,Forest
2206,f,m6,Odontomachus_caelatus,Forest
2206,f,q4,Odontomachus_caelatus,Forest
2206,p,n6,Odontomachus_caelatus,Forest
2206,p,n3,Odontomachus_caelatus,Forest
2303,f,j30,Odontomachus_caelatus,Forest
2303,p,k29,Odontomachus_caelatus,Forest
2303,p,h25,Odontomachus_caelatus,Forest
3114,p,c4,Odontomachus_caelatus,Forest
3114,p,b2,Odontomachus_caelatus,Forest
3114,p,d1,Odontomachus_caelatus,Forest
3209,f,k11,Odontomachus_caelatus,Forest
3209,f,h10,Odontomachus_caelatus,Forest
3209,f,i10,Odontomachus_caelatus,Forest
3209,p,g10,Odontomachus_caelatus,Forest
3209,p,k12,Odontomachus_caelatus,Forest
3209,p,j11,Odontomachus_caelatus,Forest
3209,p,g12,Odontomachus_caelatus,Forest
3304,p,k28,Odontomachus_caelatus,Forest
2108,f,d3,Odontomachus_haematodus,Generalist
2108,f,b2,Odontomachus_haematodus,Generalist
2303,f,i25,Odontomachus_haematodus,Generalist
3209,p,k9,Odontomachus_haematodus,Generalist
2303,p,i25,Odontomachus_meinerti,Generalist
1104,f,d5,Odontomachus_meinerti,Generalist
1104,f,a5,Odontomachus_meinerti,Generalist
1104,s,c2,Odontomachus_meinerti,Generalist
1301,f,l47,Odontomachus_meinerti,Generalist
1301,f,l48,Odontomachus_meinerti,Generalist
1301,p,j47,Odontomachus_meinerti,Generalist
2108,f,d4,Odontomachus_meinerti,Generalist
2108,f,f3,Odontomachus_meinerti,Generalist
2108,p,e3,Odontomachus_meinerti,Generalist
2303,f,i30,Odontomachus_meinerti,Generalist
2303,s,g25,Odontomachus_meinerti,Generalist
3209,f,j10,Odontomachus_meinerti,Generalist
3304,p,g31,Odontomachus_meinerti,Generalist
2206,p,o3,Odontomachus_scalptus,Forest
2206,p,n3,Odontomachus_scalptus,Forest
2108,p,b2,Odontomachus_sp1,NA
1202,p,l9,Oxyepoecus_sp1,NA
1301,p,h49,Oxyepoecus_sp1,NA
2303,f,j26,Oxyepoecus_sp1,NA
1104,f,d3,Pachycondyla_crassinoda,Forest
1104,f,b3,Pachycondyla_crassinoda,Forest
1104,p,f5,Pachycondyla_crassinoda,Forest
1104,p,c4,Pachycondyla_crassinoda,Forest
1104,p,c3,Pachycondyla_crassinoda,Forest
1104,p,d4,Pachycondyla_crassinoda,Forest
1104,p,d5,Pachycondyla_crassinoda,Forest
1104,p,c5,Pachycondyla_crassinoda,Forest
1104,p,c2,Pachycondyla_crassinoda,Forest
1104,p,a3,Pachycondyla_crassinoda,Forest
1104,p,a2,Pachycondyla_crassinoda,Forest
1104,p,a0,Pachycondyla_crassinoda,Forest
1104,p,a5,Pachycondyla_crassinoda,Forest
1104,p,b5,Pachycondyla_crassinoda,Forest
1104,p,b4,Pachycondyla_crassinoda,Forest
1104,p,b1,Pachycondyla_crassinoda,Forest
1104,p,e1,Pachycondyla_crassinoda,Forest
1104,p,f3,Pachycondyla_crassinoda,Forest
1104,p,f1,Pachycondyla_crassinoda,Forest
1104,p,e3,Pachycondyla_crassinoda,Forest
1202,f,k14,Pachycondyla_crassinoda,Forest
1202,p,j12,Pachycondyla_crassinoda,Forest
1202,p,m12,Pachycondyla_crassinoda,Forest
1202,p,i11,Pachycondyla_crassinoda,Forest
1202,p,k12,Pachycondyla_crassinoda,Forest
1202,p,i12,Pachycondyla_crassinoda,Forest
1202,p,m11,Pachycondyla_crassinoda,Forest
1202,p,j14,Pachycondyla_crassinoda,Forest
1202,p,l10,Pachycondyla_crassinoda,Forest
1202,p,k13,Pachycondyla_crassinoda,Forest
1202,p,l12,Pachycondyla_crassinoda,Forest
1202,p,i13,Pachycondyla_crassinoda,Forest
1202,p,n14,Pachycondyla_crassinoda,Forest
1202,p,i14,Pachycondyla_crassinoda,Forest
1202,p,j11,Pachycondyla_crassinoda,Forest
1202,p,l13,Pachycondyla_crassinoda,Forest
1202,p,m13,Pachycondyla_crassinoda,Forest
1202,p,n13,Pachycondyla_crassinoda,Forest
1301,p,h47,Pachycondyla_crassinoda,Forest
1301,p,i50,Pachycondyla_crassinoda,Forest
1301,p,k46,Pachycondyla_crassinoda,Forest
1301,p,j49,Pachycondyla_crassinoda,Forest
2206,p,r4,Pachycondyla_crassinoda,Forest
2206,p,p2,Pachycondyla_crassinoda,Forest
2206,p,p4,Pachycondyla_crassinoda,Forest
2206,p,m5,Pachycondyla_crassinoda,Forest
2206,p,q4,Pachycondyla_crassinoda,Forest
2303,p,l28,Pachycondyla_crassinoda,Forest
2303,p,k27,Pachycondyla_crassinoda,Forest
2303,p,l27,Pachycondyla_crassinoda,Forest
2303,p,g27,Pachycondyla_crassinoda,Forest
2303,p,g28,Pachycondyla_crassinoda,Forest
2303,p,k26,Pachycondyla_crassinoda,Forest
3114,p,c3,Pachycondyla_crassinoda,Forest
3114,p,c0,Pachycondyla_crassinoda,Forest
3114,p,c2,Pachycondyla_crassinoda,Forest
3114,p,b0,Pachycondyla_crassinoda,Forest
3114,p,a4,Pachycondyla_crassinoda,Forest
3114,p,a3,Pachycondyla_crassinoda,Forest
3114,p,a2,Pachycondyla_crassinoda,Forest
3114,p,b5,Pachycondyla_crassinoda,Forest
3114,p,a0,Pachycondyla_crassinoda,Forest
3114,p,a1,Pachycondyla_crassinoda,Forest
3114,p,e1,Pachycondyla_crassinoda,Forest
3114,p,e2,Pachycondyla_crassinoda,Forest
3114,p,d4,Pachycondyla_crassinoda,Forest
3114,p,e0,Pachycondyla_crassinoda,Forest
3114,p,e3,Pachycondyla_crassinoda,Forest
3114,p,f4,Pachycondyla_crassinoda,Forest
3114,p,f5,Pachycondyla_crassinoda,Forest
3114,p,f1,Pachycondyla_crassinoda,Forest
3114,p,f2,Pachycondyla_crassinoda,Forest
3114,p,d0,Pachycondyla_crassinoda,Forest
3114,p,d3,Pachycondyla_crassinoda,Forest
3114,p,c5,Pachycondyla_crassinoda,Forest
3304,p,g29,Pachycondyla_crassinoda,Forest
3304,p,h32,Pachycondyla_crassinoda,Forest
1104,f,c0,Pachycondyla_harpax,Generalist
1202,f,i12,Pachycondyla_harpax,Generalist
1202,p,n9,Pachycondyla_harpax,Generalist
1202,p,l10,Pachycondyla_harpax,Generalist
1202,p,n10,Pachycondyla_harpax,Generalist
1202,p,m13,Pachycondyla_harpax,Generalist
1202,s,i10,Pachycondyla_harpax,Generalist
1301,f,j49,Pachycondyla_harpax,Generalist
1301,f,j48,Pachycondyla_harpax,Generalist
1301,f,k45,Pachycondyla_harpax,Generalist
1301,f,h49,Pachycondyla_harpax,Generalist
1301,f,i45,Pachycondyla_harpax,Generalist
1301,p,l46,Pachycondyla_harpax,Generalist
1301,p,g48,Pachycondyla_harpax,Generalist
1301,p,g46,Pachycondyla_harpax,Generalist
1301,p,i49,Pachycondyla_harpax,Generalist
1301,p,h46,Pachycondyla_harpax,Generalist
1301,p,i47,Pachycondyla_harpax,Generalist
1301,s,j46,Pachycondyla_harpax,Generalist
2108,f,d2,Pachycondyla_harpax,Generalist
2108,f,c1,Pachycondyla_harpax,Generalist
2108,p,a5,Pachycondyla_harpax,Generalist
2108,p,c5,Pachycondyla_harpax,Generalist
2108,s,d4,Pachycondyla_harpax,Generalist
2206,f,o7,Pachycondyla_harpax,Generalist
2206,f,n2,Pachycondyla_harpax,Generalist
2206,f,n3,Pachycondyla_harpax,Generalist
2206,p,o5,Pachycondyla_harpax,Generalist
2206,s,r2,Pachycondyla_harpax,Generalist
2303,f,g26,Pachycondyla_harpax,Generalist
2303,f,l27,Pachycondyla_harpax,Generalist
2303,f,i25,Pachycondyla_harpax,Generalist
2303,f,k30,Pachycondyla_harpax,Generalist
2303,f,j26,Pachycondyla_harpax,Generalist
2303,p,j25,Pachycondyla_harpax,Generalist
2303,p,k27,Pachycondyla_harpax,Generalist
2303,p,g29,Pachycondyla_harpax,Generalist
2303,p,i28,Pachycondyla_harpax,Generalist
2303,p,k25,Pachycondyla_harpax,Generalist
2303,p,j27,Pachycondyla_harpax,Generalist
2303,p,j29,Pachycondyla_harpax,Generalist
2303,p,g25,Pachycondyla_harpax,Generalist
3114,f,d5,Pachycondyla_harpax,Generalist
3114,p,e4,Pachycondyla_harpax,Generalist
3114,p,c5,Pachycondyla_harpax,Generalist
3114,p,f5,Pachycondyla_harpax,Generalist
3114,p,f2,Pachycondyla_harpax,Generalist
3114,p,a0,Pachycondyla_harpax,Generalist
3209,f,f10,Pachycondyla_harpax,Generalist
3209,f,i12,Pachycondyla_harpax,Generalist
3209,f,h7,Pachycondyla_harpax,Generalist
3209,p,g12,Pachycondyla_harpax,Generalist
3209,p,f11,Pachycondyla_harpax,Generalist
3304,f,g32,Pachycondyla_harpax,Generalist
3304,p,g30,Pachycondyla_harpax,Generalist
3304,p,k29,Pachycondyla_harpax,Generalist
3304,p,j28,Pachycondyla_harpax,Generalist
3304,p,k33,Pachycondyla_harpax,Generalist
3304,p,l30,Pachycondyla_harpax,Generalist
1202,f,n10,Pachycondyla_striata,Generalist
1301,p,k48,Pachycondyla_striata,Generalist
2206,p,p6,Pachycondyla_striata,Generalist
2206,p,m4,Pachycondyla_striata,Generalist
2206,p,o2,Pachycondyla_striata,Generalist
3114,f,f1,Pachycondyla_striata,Generalist
3114,p,e2,Pachycondyla_striata,Generalist
3209,f,h9,Pachycondyla_striata,Generalist
3304,p,i33,Pachycondyla_striata,Generalist
2206,f,o6,Paratrachymyrmex_sp1,NA
1104,p,f4,Paratrachymyrmex_sp1,NA
1104,p,a2,Paratrachymyrmex_sp1,NA
1104,p,d4,Paratrachymyrmex_sp1,NA
1104,p,a3,Paratrachymyrmex_sp1,NA
1104,p,a5,Paratrachymyrmex_sp1,NA
1104,p,f0,Paratrachymyrmex_sp1,NA
1202,p,l11,Paratrachymyrmex_sp1,NA
1202,p,i13,Paratrachymyrmex_sp1,NA
1202,p,m14,Paratrachymyrmex_sp1,NA
1202,p,n9,Paratrachymyrmex_sp1,NA
1202,p,k13,Paratrachymyrmex_sp1,NA
1202,p,k12,Paratrachymyrmex_sp1,NA
1301,p,h48,Paratrachymyrmex_sp1,NA
1301,p,g49,Paratrachymyrmex_sp1,NA
1301,p,i46,Paratrachymyrmex_sp1,NA
1301,p,l48,Paratrachymyrmex_sp1,NA
1301,p,k48,Paratrachymyrmex_sp1,NA
1301,p,h49,Paratrachymyrmex_sp1,NA
1301,p,k46,Paratrachymyrmex_sp1,NA
1301,p,l49,Paratrachymyrmex_sp1,NA
2108,f,d4,Paratrachymyrmex_sp1,NA
2108,p,f2,Paratrachymyrmex_sp1,NA
2108,p,d0,Paratrachymyrmex_sp1,NA
2108,p,c3,Paratrachymyrmex_sp1,NA
2108,p,e4,Paratrachymyrmex_sp1,NA
2108,p,a3,Paratrachymyrmex_sp1,NA
2108,p,d2,Paratrachymyrmex_sp1,NA
2108,p,e1,Paratrachymyrmex_sp1,NA
2108,p,f5,Paratrachymyrmex_sp1,NA
2108,p,b1,Paratrachymyrmex_sp1,NA
2108,s,d1,Paratrachymyrmex_sp1,NA
2206,f,p2,Paratrachymyrmex_sp1,NA
2206,f,o7,Paratrachymyrmex_sp1,NA
2206,p,n2,Paratrachymyrmex_sp1,NA
2206,p,q2,Paratrachymyrmex_sp1,NA
2206,p,r4,Paratrachymyrmex_sp1,NA
2206,p,n3,Paratrachymyrmex_sp1,NA
2303,f,i25,Paratrachymyrmex_sp1,NA
2303,f,k25,Paratrachymyrmex_sp1,NA
2303,p,i30,Paratrachymyrmex_sp1,NA
2303,p,g26,Paratrachymyrmex_sp1,NA
2303,p,i26,Paratrachymyrmex_sp1,NA
2303,p,i28,Paratrachymyrmex_sp1,NA
3114,p,d3,Paratrachymyrmex_sp1,NA
3114,p,f0,Paratrachymyrmex_sp1,NA
3114,p,f1,Paratrachymyrmex_sp1,NA
3114,p,b1,Paratrachymyrmex_sp1,NA
3114,p,d4,Paratrachymyrmex_sp1,NA
3114,p,d0,Paratrachymyrmex_sp1,NA
3114,p,f4,Paratrachymyrmex_sp1,NA
3114,p,c2,Paratrachymyrmex_sp1,NA
3114,p,a4,Paratrachymyrmex_sp1,NA
3114,p,c4,Paratrachymyrmex_sp1,NA
3209,p,j12,Paratrachymyrmex_sp1,NA
3209,p,h7,Paratrachymyrmex_sp1,NA
3209,p,h8,Paratrachymyrmex_sp1,NA
3304,p,h33,Paratrachymyrmex_sp1,NA
3304,p,l29,Paratrachymyrmex_sp1,NA
3304,p,j28,Paratrachymyrmex_sp1,NA
3304,p,l30,Paratrachymyrmex_sp1,NA
3304,p,h31,Paratrachymyrmex_sp1,NA
3304,p,g28,Paratrachymyrmex_sp1,NA
3304,p,k31,Paratrachymyrmex_sp1,NA
3114,p,f1,Paratrachymyrmex_sp2,NA
3209,s,j10,Paratrachymyrmex_sp2,NA
3304,p,l31,Paratrachymyrmex_sp2,NA
1301,p,k48,Paratrachymyrmex_sp3,NA
1301,p,h50,Paratrachymyrmex_sp3,NA
2206,f,o5,Paratrachymyrmex_sp3,NA
3114,p,b3,Paratrachymyrmex_sp3,NA
3114,s,e4,Paratrachymyrmex_sp3,NA
3209,s,j7,Paratrachymyrmex_sp3,NA
3304,p,h31,Paratrachymyrmex_sp3,NA
2303,p,i28,Paratrachymyrmex_sp4,NA
2303,f,i25,Paratrachymyrmex_sp5,NA
1104,p,d3,Pheidole_bufo,Forest
1104,p,e5,Pheidole_bufo,Forest
1104,p,e1,Pheidole_bufo,Forest
1104,p,d4,Pheidole_bufo,Forest
1104,p,a1,Pheidole_bufo,Forest
1104,p,f3,Pheidole_bufo,Forest
1202,f,m13,Pheidole_bufo,Forest
1202,f,k13,Pheidole_bufo,Forest
1202,p,j10,Pheidole_bufo,Forest
1202,p,n12,Pheidole_bufo,Forest
1202,p,m12,Pheidole_bufo,Forest
1301,f,l45,Pheidole_bufo,Forest
1301,f,k47,Pheidole_bufo,Forest
1301,f,g48,Pheidole_bufo,Forest
1301,f,h45,Pheidole_bufo,Forest
1301,p,k46,Pheidole_bufo,Forest
1301,p,j49,Pheidole_bufo,Forest
1301,p,h49,Pheidole_bufo,Forest
1301,s,i47,Pheidole_bufo,Forest
1301,s,l46,Pheidole_bufo,Forest
2108,f,d0,Pheidole_bufo,Forest
2108,f,b0,Pheidole_bufo,Forest
2108,p,d4,Pheidole_bufo,Forest
2108,p,e3,Pheidole_bufo,Forest
2108,p,c5,Pheidole_bufo,Forest
2206,f,m2,Pheidole_bufo,Forest
2206,p,r6,Pheidole_bufo,Forest
2303,f,k27,Pheidole_bufo,Forest
2303,f,i26,Pheidole_bufo,Forest
2303,p,h27,Pheidole_bufo,Forest
2303,p,h29,Pheidole_bufo,Forest
2303,p,l26,Pheidole_bufo,Forest
3114,f,b3,Pheidole_bufo,Forest
3114,f,c1,Pheidole_bufo,Forest
3114,f,d0,Pheidole_bufo,Forest
3114,f,e4,Pheidole_bufo,Forest
3114,p,c2,Pheidole_bufo,Forest
3114,p,a2,Pheidole_bufo,Forest
3114,p,e0,Pheidole_bufo,Forest
3114,s,b0,Pheidole_bufo,Forest
3114,s,f1,Pheidole_bufo,Forest
3209,p,i8,Pheidole_bufo,Forest
3209,s,f7,Pheidole_bufo,Forest
3304,p,h31,Pheidole_bufo,Forest
3304,p,k32,Pheidole_bufo,Forest
3304,p,i32,Pheidole_bufo,Forest
3304,p,l32,Pheidole_bufo,Forest
3304,p,l33,Pheidole_bufo,Forest
3304,s,k31,Pheidole_bufo,Forest
1104,f,c3,Pheidole_embolopyx,Forest
1301,f,h48,Pheidole_embolopyx,Forest
1104,p,d5,Pheidole_fallax,Open habitat
1104,p,a4,Pheidole_fallax,Open habitat
1104,p,d4,Pheidole_fallax,Open habitat
1104,p,d3,Pheidole_fallax,Open habitat
1104,p,a1,Pheidole_fallax,Open habitat
1202,p,i10,Pheidole_fallax,Open habitat
1202,p,m13,Pheidole_fallax,Open habitat
1202,p,n11,Pheidole_fallax,Open habitat
1301,p,k46,Pheidole_fallax,Open habitat
2108,p,d2,Pheidole_fallax,Open habitat
2108,p,b1,Pheidole_fallax,Open habitat
2206,p,n7,Pheidole_fallax,Open habitat
2206,p,p6,Pheidole_fallax,Open habitat
2303,f,j27,Pheidole_fallax,Open habitat
2303,f,i26,Pheidole_fallax,Open habitat
2303,p,g30,Pheidole_fallax,Open habitat
3114,p,d4,Pheidole_fallax,Open habitat
3114,p,b3,Pheidole_fallax,Open habitat
3114,p,b0,Pheidole_fallax,Open habitat
3114,p,d5,Pheidole_fallax,Open habitat
3114,p,d3,Pheidole_fallax,Open habitat
3304,f,h30,Pheidole_fallax,Open habitat
3304,p,j30,Pheidole_fallax,Open habitat
3209,f,g7,Pheidole_fimbriata,Forest
1104,f,d3,Pheidole_gertrudae,Generalist
1202,s,l12,Pheidole_gertrudae,Generalist
3114,f,f2,Pheidole_gertrudae,Generalist
3114,f,f0,Pheidole_gertrudae,Generalist
3114,f,b0,Pheidole_gertrudae,Generalist
3114,f,a3,Pheidole_gertrudae,Generalist
3114,f,d0,Pheidole_gertrudae,Generalist
3114,f,b5,Pheidole_gertrudae,Generalist
3114,f,d3,Pheidole_gertrudae,Generalist
3114,f,e0,Pheidole_gertrudae,Generalist
3114,s,e1,Pheidole_gertrudae,Generalist
3209,f,j8,Pheidole_gertrudae,Generalist
3209,f,k10,Pheidole_gertrudae,Generalist
3209,f,f10,Pheidole_gertrudae,Generalist
3209,s,i12,Pheidole_gertrudae,Generalist
3209,s,i9,Pheidole_gertrudae,Generalist
3304,f,k29,Pheidole_gertrudae,Generalist
3304,f,j29,Pheidole_gertrudae,Generalist
3304,s,g29,Pheidole_gertrudae,Generalist
1104,p,a4,Pheidole_impressa,Generalist
1202,p,n10,Pheidole_impressa,Generalist
1301,f,g46,Pheidole_impressa,Generalist
1301,p,h47,Pheidole_impressa,Generalist
1301,p,g45,Pheidole_impressa,Generalist
1301,p,j47,Pheidole_impressa,Generalist
2108,p,c1,Pheidole_impressa,Generalist
2108,p,b4,Pheidole_impressa,Generalist
2108,p,a3,Pheidole_impressa,Generalist
2108,p,c5,Pheidole_impressa,Generalist
2108,p,a4,Pheidole_impressa,Generalist
2108,p,c0,Pheidole_impressa,Generalist
2108,p,c4,Pheidole_impressa,Generalist
2108,p,d3,Pheidole_impressa,Generalist
2108,p,d5,Pheidole_impressa,Generalist
2108,p,e5,Pheidole_impressa,Generalist
2108,p,d4,Pheidole_impressa,Generalist
2206,p,m2,Pheidole_impressa,Generalist
2206,p,q6,Pheidole_impressa,Generalist
1104,p,b0,Pheidole_pubiventris,Generalist
1104,p,b2,Pheidole_pubiventris,Generalist
1104,p,f5,Pheidole_pubiventris,Generalist
1104,p,b3,Pheidole_pubiventris,Generalist
1202,p,k14,Pheidole_pubiventris,Generalist
1301,p,k48,Pheidole_pubiventris,Generalist
1301,p,g49,Pheidole_pubiventris,Generalist
1301,p,j48,Pheidole_pubiventris,Generalist
1301,p,j49,Pheidole_pubiventris,Generalist
1301,p,j50,Pheidole_pubiventris,Generalist
1301,p,l47,Pheidole_pubiventris,Generalist
2108,p,e4,Pheidole_pubiventris,Generalist
2108,p,c4,Pheidole_pubiventris,Generalist
2108,p,b0,Pheidole_pubiventris,Generalist
2206,p,q6,Pheidole_pubiventris,Generalist
2206,p,p3,Pheidole_pubiventris,Generalist
2206,p,p4,Pheidole_pubiventris,Generalist
2206,p,n6,Pheidole_pubiventris,Generalist
2206,p,n4,Pheidole_pubiventris,Generalist
2206,p,m2,Pheidole_pubiventris,Generalist
2206,p,m4,Pheidole_pubiventris,Generalist
2303,p,k30,Pheidole_pubiventris,Generalist
3114,p,e0,Pheidole_pubiventris,Generalist
3114,p,f2,Pheidole_pubiventris,Generalist
3304,p,j33,Pheidole_pubiventris,Generalist
1104,f,d0,Pheidole_sp10,NA
1104,p,a1,Pheidole_sp10,NA
1202,f,i11,Pheidole_sp10,NA
1202,f,m9,Pheidole_sp10,NA
1202,f,k14,Pheidole_sp10,NA
1202,p,l10,Pheidole_sp10,NA
1202,s,i12,Pheidole_sp10,NA
1301,f,k46,Pheidole_sp10,NA
1301,p,j50,Pheidole_sp10,NA
1301,p,i50,Pheidole_sp10,NA
1301,p,i49,Pheidole_sp10,NA
1301,p,h50,Pheidole_sp10,NA
1301,p,l48,Pheidole_sp10,NA
1301,s,g46,Pheidole_sp10,NA
2108,f,d2,Pheidole_sp10,NA
2108,s,c4,Pheidole_sp10,NA
2108,s,d5,Pheidole_sp10,NA
2206,f,q5,Pheidole_sp10,NA
2206,f,o6,Pheidole_sp10,NA
2206,f,m4,Pheidole_sp10,NA
2206,f,p6,Pheidole_sp10,NA
2206,f,m7,Pheidole_sp10,NA
2206,p,m6,Pheidole_sp10,NA
2206,p,r4,Pheidole_sp10,NA
2206,p,o7,Pheidole_sp10,NA
2206,p,n5,Pheidole_sp10,NA
2206,p,p4,Pheidole_sp10,NA
2303,f,h29,Pheidole_sp10,NA
2303,f,g28,Pheidole_sp10,NA
2303,f,i30,Pheidole_sp10,NA
2303,f,i28,Pheidole_sp10,NA
2303,f,g25,Pheidole_sp10,NA
2303,f,g27,Pheidole_sp10,NA
2303,f,l29,Pheidole_sp10,NA
2303,f,i27,Pheidole_sp10,NA
2303,p,l30,Pheidole_sp10,NA
2303,p,k30,Pheidole_sp10,NA
2303,p,g30,Pheidole_sp10,NA
2303,p,j29,Pheidole_sp10,NA
2303,p,k27,Pheidole_sp10,NA
3114,f,c5,Pheidole_sp10,NA
3114,p,c4,Pheidole_sp10,NA
3114,p,e3,Pheidole_sp10,NA
3209,f,i9,Pheidole_sp10,NA
3209,f,i8,Pheidole_sp10,NA
3209,p,h8,Pheidole_sp10,NA
3209,p,k10,Pheidole_sp10,NA
3304,f,g30,Pheidole_sp10,NA
3304,f,g29,Pheidole_sp10,NA
3304,p,h28,Pheidole_sp10,NA
3304,p,l29,Pheidole_sp10,NA
3304,p,j31,Pheidole_sp10,NA
3304,p,h31,Pheidole_sp10,NA
1202,p,i14,Pheidole_sp100,NA
3304,p,k31,Pheidole_sp100,NA
1202,f,k14,Pheidole_sp11,NA
1202,f,i12,Pheidole_sp11,NA
1202,f,k14,Pheidole_sp11,NA
2108,s,b4,Pheidole_sp11,NA
2206,f,p3,Pheidole_sp11,NA
2206,f,r4,Pheidole_sp11,NA
2206,f,q5,Pheidole_sp11,NA
2303,f,i25,Pheidole_sp11,NA
2303,p,h29,Pheidole_sp11,NA
2303,p,g28,Pheidole_sp11,NA
2303,p,h30,Pheidole_sp11,NA
2303,p,l27,Pheidole_sp11,NA
3114,f,c4,Pheidole_sp11,NA
3114,s,c2,Pheidole_sp11,NA
3209,f,i7,Pheidole_sp11,NA
1202,p,j9,Pheidole_sp12,NA
1202,p,j10,Pheidole_sp12,NA
1301,f,k49,Pheidole_sp12,NA
1301,p,g45,Pheidole_sp12,NA
1301,p,i45,Pheidole_sp12,NA
2108,p,f3,Pheidole_sp12,NA
2206,f,q7,Pheidole_sp12,NA
2206,f,p5,Pheidole_sp12,NA
2206,f,r7,Pheidole_sp12,NA
2206,f,r3,Pheidole_sp12,NA
2303,p,h27,Pheidole_sp12,NA
2303,p,j26,Pheidole_sp12,NA
2303,p,h29,Pheidole_sp12,NA
2303,p,i29,Pheidole_sp12,NA
3209,p,i9,Pheidole_sp12,NA
3209,s,h7,Pheidole_sp12,NA
3209,s,i10,Pheidole_sp12,NA
3304,f,i33,Pheidole_sp12,NA
3304,p,j31,Pheidole_sp12,NA
3304,p,l33,Pheidole_sp12,NA
3304,p,g31,Pheidole_sp12,NA
3304,p,i29,Pheidole_sp12,NA
3304,p,g30,Pheidole_sp12,NA
3304,s,k30,Pheidole_sp12,NA
2206,f,o2,Pheidole_sp13,NA
2108,p,e5,Pheidole_sp13,NA
1104,p,d4,Pheidole_sp13,NA
1301,p,g46,Pheidole_sp13,NA
1104,f,c1,Pheidole_sp14,NA
1104,p,e0,Pheidole_sp14,NA
1104,p,f2,Pheidole_sp14,NA
1104,s,d0,Pheidole_sp14,NA
1202,p,n9,Pheidole_sp14,NA
1202,p,m14,Pheidole_sp14,NA
1202,p,m11,Pheidole_sp14,NA
1202,p,i12,Pheidole_sp14,NA
1202,p,m13,Pheidole_sp14,NA
2108,f,f1,Pheidole_sp14,NA
2108,p,a1,Pheidole_sp14,NA
2108,p,d2,Pheidole_sp14,NA
2108,p,f5,Pheidole_sp14,NA
2108,p,f4,Pheidole_sp14,NA
2108,p,d0,Pheidole_sp14,NA
2108,p,e3,Pheidole_sp14,NA
2108,p,b2,Pheidole_sp14,NA
2108,s,b4,Pheidole_sp14,NA
2206,s,o3,Pheidole_sp14,NA
2206,s,m2,Pheidole_sp14,NA
2303,f,k28,Pheidole_sp14,NA
2303,f,k27,Pheidole_sp14,NA
2303,s,l30,Pheidole_sp14,NA
3114,p,a1,Pheidole_sp14,NA
3114,p,b4,Pheidole_sp14,NA
3114,p,a0,Pheidole_sp14,NA
3209,f,j12,Pheidole_sp14,NA
3209,s,i9,Pheidole_sp14,NA
1104,f,f5,Pheidole_sp15,NA
1104,p,d4,Pheidole_sp15,NA
1104,p,e4,Pheidole_sp15,NA
1202,p,n9,Pheidole_sp15,NA
2108,p,a1,Pheidole_sp15,NA
1202,p,m13,Pheidole_sp16,NA
1202,f,j13,Pheidole_sp16,NA
1202,p,m14,Pheidole_sp16,NA
1301,f,h45,Pheidole_sp16,NA
1301,f,g46,Pheidole_sp16,NA
1301,p,g47,Pheidole_sp16,NA
1301,p,i46,Pheidole_sp16,NA
2108,f,b5,Pheidole_sp16,NA
2108,f,f4,Pheidole_sp16,NA
2108,f,d3,Pheidole_sp16,NA
2108,f,e1,Pheidole_sp16,NA
2108,f,c2,Pheidole_sp16,NA
2108,f,b1,Pheidole_sp16,NA
2108,f,e0,Pheidole_sp16,NA
2108,f,f1,Pheidole_sp16,NA
2108,p,e4,Pheidole_sp16,NA
2108,p,f5,Pheidole_sp16,NA
2108,s,f3,Pheidole_sp16,NA
2206,f,p6,Pheidole_sp16,NA
2206,f,n5,Pheidole_sp16,NA
2206,f,m4,Pheidole_sp16,NA
2206,f,o3,Pheidole_sp16,NA
2206,f,n4,Pheidole_sp16,NA
2206,f,r6,Pheidole_sp16,NA
2206,f,r5,Pheidole_sp16,NA
2303,f,k27,Pheidole_sp16,NA
3114,p,c1,Pheidole_sp16,NA
3304,p,h29,Pheidole_sp16,NA
2108,p,b0,Pheidole_sp17,NA
2108,p,c2,Pheidole_sp17,NA
2108,p,a1,Pheidole_sp17,NA
2108,p,d0,Pheidole_sp17,NA
2108,p,e1,Pheidole_sp17,NA
1104,p,d0,Pheidole_sp18,NA
1202,f,l12,Pheidole_sp18,NA
1202,f,j14,Pheidole_sp18,NA
1202,f,k12,Pheidole_sp18,NA
1202,f,n11,Pheidole_sp18,NA
1301,p,g46,Pheidole_sp19,NA
1301,s,j45,Pheidole_sp19,NA
1301,s,l45,Pheidole_sp19,NA
2108,f,c1,Pheidole_sp19,NA
2108,f,c2,Pheidole_sp19,NA
2108,f,e5,Pheidole_sp19,NA
2108,f,b3,Pheidole_sp19,NA
2108,f,d5,Pheidole_sp19,NA
2108,s,a3,Pheidole_sp19,NA
2206,f,o2,Pheidole_sp19,NA
2206,f,m2,Pheidole_sp19,NA
2303,f,i26,Pheidole_sp19,NA
2303,f,k25,Pheidole_sp19,NA
1202,f,i9,Pheidole_sp20,NA
1202,f,m14,Pheidole_sp20,NA
1301,f,g47,Pheidole_sp20,NA
1301,p,g45,Pheidole_sp20,NA
1301,s,h47,Pheidole_sp20,NA
1301,s,j48,Pheidole_sp20,NA
1301,s,i48,Pheidole_sp20,NA
2108,f,b4,Pheidole_sp20,NA
2108,s,a4,Pheidole_sp20,NA
2108,s,f1,Pheidole_sp20,NA
2108,s,e2,Pheidole_sp20,NA
2206,s,r7,Pheidole_sp20,NA
2206,s,q3,Pheidole_sp20,NA
2303,f,g28,Pheidole_sp20,NA
2303,f,i26,Pheidole_sp20,NA
2303,f,i27,Pheidole_sp20,NA
2303,f,g27,Pheidole_sp20,NA
2303,s,h26,Pheidole_sp20,NA
3114,f,c5,Pheidole_sp20,NA
3114,s,c0,Pheidole_sp20,NA
1104,f,f2,Pheidole_sp21,NA
3114,p,c5,Pheidole_sp21,NA
3114,p,c4,Pheidole_sp21,NA
1301,p,k49,Pheidole_sp21,NA
1301,s,g49,Pheidole_sp21,NA
2303,s,g27,Pheidole_sp21,NA
3114,p,b2,Pheidole_sp21,NA
3114,p,e3,Pheidole_sp21,NA
3209,p,j7,Pheidole_sp21,NA
3304,p,h31,Pheidole_sp21,NA
1104,f,f5,Pheidole_sp22,NA
1104,f,e0,Pheidole_sp22,NA
1301,f,g48,Pheidole_sp22,NA
1301,p,h49,Pheidole_sp22,NA
1301,p,l49,Pheidole_sp22,NA
1301,p,j46,Pheidole_sp22,NA
1301,s,l45,Pheidole_sp22,NA
2108,f,d5,Pheidole_sp22,NA
2303,f,h26,Pheidole_sp22,NA
3114,f,c5,Pheidole_sp22,NA
3114,p,f4,Pheidole_sp22,NA
3114,p,f1,Pheidole_sp22,NA
3114,p,c3,Pheidole_sp22,NA
3209,p,g8,Pheidole_sp22,NA
3209,p,g11,Pheidole_sp22,NA
3209,p,f11,Pheidole_sp22,NA
3304,f,l31,Pheidole_sp22,NA
3304,f,j33,Pheidole_sp22,NA
3304,p,k31,Pheidole_sp22,NA
1202,p,m12,Pheidole_sp24,NA
3209,s,i10,Pheidole_sp24,NA
1301,f,l50,Pheidole_sp24,NA
2108,p,e1,Pheidole_sp25,NA
2303,p,j27,Pheidole_sp25,NA
1202,p,i10,Pheidole_sp25,NA
2108,f,c0,Pheidole_sp25,NA
2303,f,i29,Pheidole_sp25,NA
2303,f,g28,Pheidole_sp25,NA
3114,f,b2,Pheidole_sp25,NA
1104,s,f2,Pheidole_sp26,NA
1202,f,k10,Pheidole_sp26,NA
1202,p,k14,Pheidole_sp26,NA
1301,f,h46,Pheidole_sp26,NA
1301,s,g46,Pheidole_sp26,NA
2206,f,r3,Pheidole_sp26,NA
2303,f,h30,Pheidole_sp26,NA
3114,f,c3,Pheidole_sp26,NA
3114,s,e2,Pheidole_sp26,NA
3114,s,e1,Pheidole_sp26,NA
3304,f,h29,Pheidole_sp26,NA
3304,s,j28,Pheidole_sp26,NA
2303,s,l28,Pheidole_sp28,NA
3304,p,l32,Pheidole_sp28,NA
1301,f,k47,Pheidole_sp29,NA
1301,f,j50,Pheidole_sp29,NA
1301,f,l48,Pheidole_sp29,NA
3114,p,f5,Pheidole_sp29,NA
3114,p,a1,Pheidole_sp29,NA
3114,p,c4,Pheidole_sp29,NA
3114,p,c5,Pheidole_sp29,NA
3209,p,k8,Pheidole_sp29,NA
3209,p,h10,Pheidole_sp29,NA
3304,p,j33,Pheidole_sp29,NA
3304,p,k28,Pheidole_sp29,NA
1104,s,e0,Pheidole_sp3,NA
3114,p,f0,Pheidole_sp3,NA
3114,p,c2,Pheidole_sp3,NA
3114,p,c3,Pheidole_sp3,NA
3114,p,c0,Pheidole_sp3,NA
3209,p,f10,Pheidole_sp3,NA
3304,p,h29,Pheidole_sp3,NA
3304,p,k30,Pheidole_sp3,NA
2303,p,l26,Pheidole_sp30,NA
3304,p,l32,Pheidole_sp30,NA
1104,f,d1,Pheidole_sp30,NA
1104,f,d3,Pheidole_sp30,NA
1202,f,j11,Pheidole_sp30,NA
1202,f,i10,Pheidole_sp30,NA
2206,f,r2,Pheidole_sp30,NA
2206,f,p7,Pheidole_sp30,NA
3114,p,f4,Pheidole_sp30,NA
1104,s,b4,Pheidole_sp33,NA
1301,s,i46,Pheidole_sp33,NA
1301,s,j45,Pheidole_sp34,NA
2206,f,o6,Pheidole_sp34,NA
2303,p,j28,Pheidole_sp34,NA
2303,p,g27,Pheidole_sp34,NA
2303,s,h30,Pheidole_sp34,NA
1104,f,c0,Pheidole_sp35,NA
1202,f,i9,Pheidole_sp35,NA
1202,f,n10,Pheidole_sp35,NA
1202,f,n14,Pheidole_sp35,NA
1202,f,n11,Pheidole_sp35,NA
1301,s,g46,Pheidole_sp35,NA
3114,f,c5,Pheidole_sp35,NA
3209,f,f12,Pheidole_sp35,NA
3209,s,j12,Pheidole_sp35,NA
1301,s,k48,Pheidole_sp36,NA
1301,s,l47,Pheidole_sp38,NA
1301,s,k47,Pheidole_sp38,NA
1104,f,f3,Pheidole_sp40,NA
1104,f,a5,Pheidole_sp40,NA
1202,f,n11,Pheidole_sp40,NA
1202,f,i13,Pheidole_sp40,NA
2206,f,m5,Pheidole_sp40,NA
2303,f,j28,Pheidole_sp40,NA
2206,p,q3,Pheidole_sp40,NA
3304,f,l30,Pheidole_sp40,NA
1104,f,c2,Pheidole_sp41,NA
1301,f,h50,Pheidole_sp41,NA
3114,f,c1,Pheidole_sp42,NA
3114,f,d4,Pheidole_sp42,NA
3114,f,f3,Pheidole_sp42,NA
3209,f,k10,Pheidole_sp42,NA
3304,f,j28,Pheidole_sp42,NA
3114,f,b0,Pheidole_sp43,NA
3304,f,g33,Pheidole_sp44,NA
1202,f,j14,Pheidole_sp45,NA
1202,f,i14,Pheidole_sp45,NA
2303,f,k25,Pheidole_sp45,NA
2303,f,j28,Pheidole_sp45,NA
3304,f,l30,Pheidole_sp45,NA
3304,f,k31,Pheidole_sp45,NA
2108,f,e5,Pheidole_sp46,NA
2303,f,i28,Pheidole_sp46,NA
1301,f,i50,Pheidole_sp47,NA
2108,f,f2,Pheidole_sp47,NA
2108,f,f3,Pheidole_sp47,NA
2303,f,g30,Pheidole_sp47,NA
1104,f,d5,Pheidole_sp48,NA
1104,f,e1,Pheidole_sp48,NA
1104,f,e0,Pheidole_sp48,NA
1301,f,i50,Pheidole_sp48,NA
2206,f,o4,Pheidole_sp48,NA
2206,f,m6,Pheidole_sp48,NA
1104,p,c1,Pheidole_sp5,NA
1104,p,f1,Pheidole_sp5,NA
1202,p,i9,Pheidole_sp5,NA
1301,p,l45,Pheidole_sp5,NA
2108,f,c0,Pheidole_sp5,NA
2108,p,b0,Pheidole_sp5,NA
2108,p,c3,Pheidole_sp5,NA
2108,p,e0,Pheidole_sp5,NA
2108,p,d2,Pheidole_sp5,NA
2108,p,b3,Pheidole_sp5,NA
2206,p,q3,Pheidole_sp5,NA
2206,p,o7,Pheidole_sp5,NA
2206,p,q4,Pheidole_sp5,NA
2206,s,r2,Pheidole_sp5,NA
2303,f,j25,Pheidole_sp5,NA
2303,p,g25,Pheidole_sp5,NA
3114,f,b1,Pheidole_sp5,NA
1104,f,d0,Pheidole_sp50,NA
1202,f,j12,Pheidole_sp50,NA
3209,f,k11,Pheidole_sp50,NA
3209,f,g9,Pheidole_sp50,NA
3304,f,g29,Pheidole_sp50,NA
2108,f,f0,Pheidole_sp51,NA
2108,f,f4,Pheidole_sp51,NA
2206,f,r4,Pheidole_sp51,NA
3114,p,e1,Pheidole_sp54,NA
1104,p,d5,Pheidole_sp54,NA
1202,f,k9,Pheidole_sp6,NA
1202,s,m9,Pheidole_sp6,NA
2206,p,r5,Pheidole_sp6,NA
2303,s,k25,Pheidole_sp6,NA
3114,s,c2,Pheidole_sp6,NA
1301,s,i46,Pheidole_sp61,NA
1104,p,d2,Pheidole_sp7,NA
1104,p,f3,Pheidole_sp7,NA
1104,p,e2,Pheidole_sp7,NA
1104,p,e4,Pheidole_sp7,NA
1202,f,m12,Pheidole_sp7,NA
1202,f,m11,Pheidole_sp7,NA
1202,p,m10,Pheidole_sp7,NA
1202,p,n12,Pheidole_sp7,NA
1202,p,l9,Pheidole_sp7,NA
1202,p,l14,Pheidole_sp7,NA
1202,p,l10,Pheidole_sp7,NA
1202,p,m9,Pheidole_sp7,NA
1202,p,n11,Pheidole_sp7,NA
1202,p,i13,Pheidole_sp7,NA
1202,p,n13,Pheidole_sp7,NA
1202,p,l13,Pheidole_sp7,NA
1202,p,n14,Pheidole_sp7,NA
1202,p,k14,Pheidole_sp7,NA
1202,p,i14,Pheidole_sp7,NA
1202,s,j10,Pheidole_sp7,NA
1301,f,l45,Pheidole_sp7,NA
1301,f,j48,Pheidole_sp7,NA
1301,p,j49,Pheidole_sp7,NA
1301,p,h49,Pheidole_sp7,NA
1301,p,k50,Pheidole_sp7,NA
1301,p,l48,Pheidole_sp7,NA
2108,f,b0,Pheidole_sp7,NA
2108,f,a3,Pheidole_sp7,NA
2108,f,b2,Pheidole_sp7,NA
2108,f,b3,Pheidole_sp7,NA
2108,p,d2,Pheidole_sp7,NA
2206,f,m6,Pheidole_sp7,NA
2206,p,o6,Pheidole_sp7,NA
2206,p,n5,Pheidole_sp7,NA
2206,p,p7,Pheidole_sp7,NA
2206,p,r3,Pheidole_sp7,NA
2206,p,m7,Pheidole_sp7,NA
2206,p,m2,Pheidole_sp7,NA
2206,s,o3,Pheidole_sp7,NA
2303,p,g26,Pheidole_sp7,NA
2303,p,j27,Pheidole_sp7,NA
3114,p,e0,Pheidole_sp7,NA
3114,p,d1,Pheidole_sp7,NA
3114,p,c0,Pheidole_sp7,NA
3114,p,e5,Pheidole_sp7,NA
3114,p,c3,Pheidole_sp7,NA
3114,p,d2,Pheidole_sp7,NA
3114,p,c4,Pheidole_sp7,NA
3114,p,f5,Pheidole_sp7,NA
3114,s,f0,Pheidole_sp7,NA
3209,p,j12,Pheidole_sp7,NA
3209,p,j11,Pheidole_sp7,NA
3304,p,g31,Pheidole_sp7,NA
3304,p,k31,Pheidole_sp7,NA
3304,p,h28,Pheidole_sp7,NA
3304,p,j28,Pheidole_sp7,NA
1104,p,b1,Pheidole_sp8,NA
1104,p,e1,Pheidole_sp8,NA
1104,p,a2,Pheidole_sp8,NA
1104,p,a1,Pheidole_sp8,NA
1104,p,e3,Pheidole_sp8,NA
1104,p,e4,Pheidole_sp8,NA
1104,p,d4,Pheidole_sp8,NA
1202,p,m13,Pheidole_sp8,NA
1202,p,k12,Pheidole_sp8,NA
1202,p,m12,Pheidole_sp8,NA
1202,p,n10,Pheidole_sp8,NA
1301,p,k50,Pheidole_sp8,NA
1301,p,h48,Pheidole_sp8,NA
1301,p,k47,Pheidole_sp8,NA
1301,p,j47,Pheidole_sp8,NA
1301,p,l47,Pheidole_sp8,NA
2108,p,a0,Pheidole_sp8,NA
2108,p,d1,Pheidole_sp8,NA
2206,p,m6,Pheidole_sp8,NA
2206,p,q4,Pheidole_sp8,NA
2303,p,i28,Pheidole_sp8,NA
2303,p,j28,Pheidole_sp8,NA
3114,p,c5,Pheidole_sp8,NA
3114,p,c2,Pheidole_sp8,NA
3114,p,b5,Pheidole_sp8,NA
3304,p,l33,Pheidole_sp8,NA
3304,p,j32,Pheidole_sp8,NA
3304,p,i31,Pheidole_sp8,NA
3304,p,i29,Pheidole_sp8,NA
3304,s,g28,Pheidole_sp8,NA
1301,p,l45,Pheidole_sp9,NA
1301,p,j47,Pheidole_sp9,NA
2108,p,d4,Pheidole_sp9,NA
2108,p,d2,Pheidole_sp9,NA
2108,p,d1,Pheidole_sp9,NA
2206,p,p3,Pheidole_sp9,NA
2206,p,m6,Pheidole_sp9,NA
2303,p,j29,Pheidole_sp9,NA
3209,p,h9,Pheidole_sp9,NA
3304,p,j32,Pheidole_sp9,NA
1104,s,a0,Pheidole_stulta,Forest
1301,p,i46,Pheidole_vorax,Forest
1301,s,h47,Pheidole_vorax,Forest
2303,p,l26,Pheidole_vorax,Forest
2108,p,a1,Pheidole_vorax,Forest
3209,f,i10,Pheidole_vorax,Forest
3304,p,l32,Pheidole_vorax,Forest
2206,p,r7,Platythyrea_sinuata,Generalist
2303,s,h30,Poneracantha_mecotyle,Forest
2108,p,c5,Poneracantha_triangularis,Generalist
3209,f,i9,Prionopelta_antillana,Forest
1202,f,l10,Prionopelta_minuta,Forest
1202,s,i9,Prionopelta_minuta,Forest
2108,s,d1,Prionopelta_minuta,Forest
1104,f,b1,Prionopelta_modesta,Forest
1104,f,d5,Prionopelta_modesta,Forest
1104,f,b2,Prionopelta_modesta,Forest
1202,f,j11,Prionopelta_modesta,Forest
1202,f,j10,Prionopelta_modesta,Forest
1202,f,l10,Prionopelta_modesta,Forest
1301,f,g45,Prionopelta_modesta,Forest
1301,f,g47,Prionopelta_modesta,Forest
1301,s,h49,Prionopelta_modesta,Forest
1301,s,i48,Prionopelta_modesta,Forest
1301,s,k46,Prionopelta_modesta,Forest
2206,s,q3,Prionopelta_modesta,Forest
2303,f,g25,Prionopelta_modesta,Forest
2303,f,i25,Prionopelta_modesta,Forest
2303,f,l25,Prionopelta_modesta,Forest
2303,f,g26,Prionopelta_modesta,Forest
2303,f,h27,Prionopelta_modesta,Forest
2303,s,j25,Prionopelta_modesta,Forest
3114,f,b3,Prionopelta_modesta,Forest
3114,f,b4,Prionopelta_modesta,Forest
3114,f,f5,Prionopelta_modesta,Forest
3114,f,e4,Prionopelta_modesta,Forest
3114,s,e5,Prionopelta_modesta,Forest
3114,s,d4,Prionopelta_modesta,Forest
3304,f,g33,Prionopelta_modesta,Forest
3304,f,i29,Prionopelta_modesta,Forest
3304,f,g31,Prionopelta_modesta,Forest
3304,f,k32,Prionopelta_modesta,Forest
3304,f,g32,Prionopelta_modesta,Forest
3304,s,g30,Prionopelta_modesta,Forest
2206,f,r2,Pseudomyrmex_gracilis,Generalist
1104,p,c4,Pseudomyrmex_simplex,Generalist
2108,p,a5,Pseudomyrmex_simplex,Generalist
1202,s,j14,Pseudoponera_gilberti,Forest
2206,p,o4,Pseudoponera_gilberti,Forest
1104,f,f3,Pseudoponera_stigma,Forest
1104,f,e2,Pseudoponera_stigma,Forest
1104,f,f2,Pseudoponera_stigma,Forest
1104,f,e3,Pseudoponera_stigma,Forest
1104,p,e1,Pseudoponera_stigma,Forest
1104,p,d4,Pseudoponera_stigma,Forest
1104,s,f5,Pseudoponera_stigma,Forest
1202,f,i13,Pseudoponera_stigma,Forest
1202,f,j13,Pseudoponera_stigma,Forest
1202,f,m12,Pseudoponera_stigma,Forest
1301,f,k45,Pseudoponera_stigma,Forest
1301,f,j47,Pseudoponera_stigma,Forest
1301,f,k49,Pseudoponera_stigma,Forest
1301,s,j45,Pseudoponera_stigma,Forest
1301,s,j47,Pseudoponera_stigma,Forest
1301,s,k48,Pseudoponera_stigma,Forest
1301,s,k50,Pseudoponera_stigma,Forest
1301,s,l45,Pseudoponera_stigma,Forest
2108,f,c2,Pseudoponera_stigma,Forest
2108,f,b1,Pseudoponera_stigma,Forest
2108,p,a2,Pseudoponera_stigma,Forest
2108,p,c0,Pseudoponera_stigma,Forest
2108,s,c5,Pseudoponera_stigma,Forest
2206,f,n4,Pseudoponera_stigma,Forest
2206,f,o2,Pseudoponera_stigma,Forest
2206,f,o6,Pseudoponera_stigma,Forest
2206,f,n3,Pseudoponera_stigma,Forest
2206,s,r6,Pseudoponera_stigma,Forest
2206,s,r3,Pseudoponera_stigma,Forest
2206,s,o5,Pseudoponera_stigma,Forest
2303,f,g26,Pseudoponera_stigma,Forest
2303,s,l25,Pseudoponera_stigma,Forest
3114,f,f3,Pseudoponera_stigma,Forest
3114,f,d2,Pseudoponera_stigma,Forest
3209,s,i9,Pseudoponera_stigma,Forest
3209,s,g7,Pseudoponera_stigma,Forest
3304,f,i30,Pseudoponera_stigma,Forest
3304,f,l29,Pseudoponera_stigma,Forest
3304,f,k29,Pseudoponera_stigma,Forest
3304,s,k31,Pseudoponera_stigma,Forest
3304,p,l28,Pseudoponera_stigma,Forest
1104,s,d1,Rasopone_ferruginea,Forest
1301,f,h50,Rasopone_ferruginea,Forest
1301,f,j49,Rasopone_ferruginea,Forest
1301,s,g50,Rasopone_ferruginea,Forest
3209,s,g9,Rasopone_ferruginea,Forest
1301,f,l48,Rogeria_ciliosa,Forest
2108,f,d2,Rogeria_curvipubens,Generalist
2108,s,a0,Rogeria_curvipubens,Generalist
2108,s,f0,Rogeria_curvipubens,Generalist
2303,s,k28,Rogeria_curvipubens,Generalist
3114,f,c5,Rogeria_curvipubens,Generalist
3114,s,f4,Rogeria_curvipubens,Generalist
3304,f,j32,Rogeria_curvipubens,Generalist
2108,f,b4,Rogeria_lirata,Forest
2108,f,b3,Rogeria_lirata,Forest
2206,f,q3,Rogeria_lirata,Forest
1104,f,f3,Rogeria_micromma,Generalist
1104,s,a5,Rogeria_micromma,Generalist
1202,s,m11,Rogeria_micromma,Generalist
2206,f,o6,Rogeria_micromma,Generalist
2303,f,l28,Rogeria_micromma,Generalist
3114,f,d4,Rogeria_micromma,Generalist
3114,f,d5,Rogeria_micromma,Generalist
2206,f,o7,Rogeria_scobinata,Forest
2303,f,j27,Rogeria_scobinata,Forest
3209,s,g10,Rogeria_scobinata,Forest
3304,f,l30,Rogeria_scobinata,Forest
2206,f,r4,Rogeria_sp3,NA
3209,s,i9,Rogeria_sp3,NA
3304,f,k30,Rogeria_sp3,NA
1301,f,k45,Sericomyrmex_amabilis,Generalist
1301,f,j48,Sericomyrmex_amabilis,Generalist
1301,p,h47,Sericomyrmex_amabilis,Generalist
2108,f,a3,Sericomyrmex_amabilis,Generalist
2108,p,d2,Sericomyrmex_amabilis,Generalist
2206,f,o3,Sericomyrmex_amabilis,Generalist
2206,p,n2,Sericomyrmex_amabilis,Generalist
2206,p,r7,Sericomyrmex_amabilis,Generalist
2303,f,j26,Sericomyrmex_amabilis,Generalist
2303,f,l28,Sericomyrmex_amabilis,Generalist
2303,p,g29,Sericomyrmex_amabilis,Generalist
2303,p,l29,Sericomyrmex_amabilis,Generalist
1104,f,c4,Sericomyrmex_bondari,Forest
1104,p,e4,Sericomyrmex_bondari,Forest
1202,p,j13,Sericomyrmex_bondari,Forest
2108,p,f3,Sericomyrmex_bondari,Forest
2303,f,l27,Sericomyrmex_bondari,Forest
2303,p,k28,Sericomyrmex_bondari,Forest
2303,p,i28,Sericomyrmex_bondari,Forest
2303,p,g27,Sericomyrmex_bondari,Forest
3209,p,j7,Sericomyrmex_bondari,Forest
3304,p,j32,Sericomyrmex_bondari,Forest
1202,p,k11,Sericomyrmex_mayri,Generalist
1301,f,i49,Sericomyrmex_mayri,Generalist
1301,f,g46,Sericomyrmex_mayri,Generalist
2206,f,r6,Sericomyrmex_parvulus,Generalist
2206,f,o3,Sericomyrmex_parvulus,Generalist
2303,f,h29,Sericomyrmex_parvulus,Generalist
1301,p,i49,Sericomyrmex_sp3,NA
1104,f,d3,Solenopsis_geminata,Forest
1301,f,j50,Solenopsis_geminata,Forest
1301,p,i48,Solenopsis_geminata,Forest
2303,f,l26,Solenopsis_geminata,Forest
2303,f,l25,Solenopsis_geminata,Forest
3114,f,a4,Solenopsis_geminata,Forest
2303,f,k25,Solenopsis_geminata,Forest
2303,f,k26,Solenopsis_geminata,Forest
3114,f,a0,Solenopsis_geminata,Forest
3114,f,e0,Solenopsis_geminata,Forest
3114,f,a1,Solenopsis_geminata,Forest
3114,f,d2,Solenopsis_geminata,Forest
3114,f,b1,Solenopsis_geminata,Forest
3114,p,e1,Solenopsis_geminata,Forest
3114,p,a2,Solenopsis_geminata,Forest
3114,p,f0,Solenopsis_geminata,Forest
3114,s,d0,Solenopsis_geminata,Forest
3209,f,h8,Solenopsis_geminata,Forest
3209,f,f7,Solenopsis_geminata,Forest
1104,f,c1,Solenopsis_saevissima,Generalist
1104,f,a1,Solenopsis_saevissima,Generalist
1104,s,a0,Solenopsis_saevissima,Generalist
1202,f,l9,Solenopsis_saevissima,Generalist
1301,f,l49,Solenopsis_saevissima,Generalist
1301,f,l47,Solenopsis_saevissima,Generalist
1301,f,l48,Solenopsis_saevissima,Generalist
2206,f,n3,Solenopsis_saevissima,Generalist
2206,f,o7,Solenopsis_saevissima,Generalist
2206,f,o3,Solenopsis_saevissima,Generalist
3304,p,i30,Solenopsis_saevissima,Generalist
1104,f,e5,Solenopsis_sp1,NA
1104,f,b3,Solenopsis_sp1,NA
1104,s,e4,Solenopsis_sp1,NA
1202,f,l12,Solenopsis_sp1,NA
1202,s,l10,Solenopsis_sp1,NA
1202,s,l13,Solenopsis_sp1,NA
1301,f,g46,Solenopsis_sp1,NA
1301,s,i50,Solenopsis_sp1,NA
2108,f,a3,Solenopsis_sp1,NA
2108,f,b4,Solenopsis_sp1,NA
2108,f,b0,Solenopsis_sp1,NA
2108,s,f4,Solenopsis_sp1,NA
2108,s,c4,Solenopsis_sp1,NA
2108,s,f2,Solenopsis_sp1,NA
2206,f,r6,Solenopsis_sp1,NA
2206,f,r3,Solenopsis_sp1,NA
2206,f,m4,Solenopsis_sp1,NA
2206,f,q3,Solenopsis_sp1,NA
2206,f,q5,Solenopsis_sp1,NA
2206,p,m6,Solenopsis_sp1,NA
2303,f,i30,Solenopsis_sp1,NA
2303,f,i25,Solenopsis_sp1,NA
2303,f,i26,Solenopsis_sp1,NA
2303,f,l28,Solenopsis_sp1,NA
2303,f,i28,Solenopsis_sp1,NA
2303,f,k25,Solenopsis_sp1,NA
2303,f,k27,Solenopsis_sp1,NA
2303,f,i27,Solenopsis_sp1,NA
2303,f,g25,Solenopsis_sp1,NA
2303,f,l25,Solenopsis_sp1,NA
2303,f,g28,Solenopsis_sp1,NA
2303,f,k30,Solenopsis_sp1,NA
2303,f,g29,Solenopsis_sp1,NA
2303,f,h30,Solenopsis_sp1,NA
2303,p,j28,Solenopsis_sp1,NA
2303,p,h28,Solenopsis_sp1,NA
2303,p,g26,Solenopsis_sp1,NA
3114,s,b1,Solenopsis_sp1,NA
3114,s,c2,Solenopsis_sp1,NA
3304,p,g33,Solenopsis_sp1,NA
3304,p,g31,Solenopsis_sp1,NA
1104,f,d5,Solenopsis_sp2,NA
1104,p,a4,Solenopsis_sp2,NA
1104,p,a1,Solenopsis_sp2,NA
1104,p,b5,Solenopsis_sp2,NA
1202,s,k9,Solenopsis_sp2,NA
1301,f,i50,Solenopsis_sp2,NA
1301,f,i46,Solenopsis_sp2,NA
1301,f,h45,Solenopsis_sp2,NA
1301,f,h47,Solenopsis_sp2,NA
1301,f,k49,Solenopsis_sp2,NA
1301,p,l48,Solenopsis_sp2,NA
1301,s,l45,Solenopsis_sp2,NA
1301,s,k45,Solenopsis_sp2,NA
2108,f,b3,Solenopsis_sp2,NA
2108,f,e0,Solenopsis_sp2,NA
2108,f,f1,Solenopsis_sp2,NA
2108,f,a3,Solenopsis_sp2,NA
2108,f,c1,Solenopsis_sp2,NA
2108,p,d1,Solenopsis_sp2,NA
2108,p,e1,Solenopsis_sp2,NA
2206,f,p6,Solenopsis_sp2,NA
2206,f,n6,Solenopsis_sp2,NA
2206,f,p3,Solenopsis_sp2,NA
2206,f,n4,Solenopsis_sp2,NA
2206,f,p4,Solenopsis_sp2,NA
2206,p,p7,Solenopsis_sp2,NA
2206,s,r7,Solenopsis_sp2,NA
2206,s,n7,Solenopsis_sp2,NA
2303,f,h28,Solenopsis_sp2,NA
2303,f,h27,Solenopsis_sp2,NA
2303,f,j27,Solenopsis_sp2,NA
2303,s,i27,Solenopsis_sp2,NA
3209,f,h7,Solenopsis_sp2,NA
3209,p,h10,Solenopsis_sp2,NA
3209,s,f9,Solenopsis_sp2,NA
3304,f,h32,Solenopsis_sp2,NA
3304,f,j33,Solenopsis_sp2,NA
3304,f,g31,Solenopsis_sp2,NA
3304,p,h30,Solenopsis_sp2,NA
3304,p,k33,Solenopsis_sp2,NA
1104,s,b0,Solenopsis_sp4,NA
1301,s,i48,Solenopsis_sp4,NA
2206,s,m7,Solenopsis_sp4,NA
2303,s,l29,Solenopsis_sp4,NA
2303,s,j25,Solenopsis_sp4,NA
3114,s,e2,Solenopsis_sp4,NA
3209,s,f12,Solenopsis_sp4,NA
2108,p,d2,Solenopsis_sp5,NA
2206,s,o7,Solenopsis_sp5,NA
2303,f,g30,Solenopsis_sp5,NA
2303,p,j29,Solenopsis_sp5,NA
3304,p,h32,Solenopsis_sp5,NA
3114,s,d2,Solenopsis_sp6,NA
2108,s,a2,Sphinctomyrmex_marcoyi,Forest
3114,p,e3,Strumigenys_appretiata,Forest
3209,f,f11,Strumigenys_appretiata,Forest
2303,p,j26,Strumigenys_appretiata,Forest
3114,p,e3,Strumigenys_beebei,Forest
2303,f,j27,Strumigenys_brevicornis,Forest
1301,p,j49,Strumigenys_hindenburgi,Forest
1301,p,g46,Strumigenys_perparva,Forest
2108,p,d2,Strumigenys_perparva,Forest
2206,f,p6,Strumigenys_perparva,Forest
2303,f,l28,Strumigenys_perparva,Forest
2303,f,k27,Strumigenys_perparva,Forest
2303,f,k29,Strumigenys_perparva,Forest
2303,f,l29,Strumigenys_perparva,Forest
2303,f,i26,Strumigenys_perparva,Forest
2303,p,i25,Strumigenys_perparva,Forest
2206,s,m6,Strumigenys_sp4,NA
3114,f,b3,Strumigenys_sp5,NA
3209,f,i10,Strumigenys_sp5,NA
3304,f,j28,Strumigenys_sp5,NA
2303,p,j26,Strumigenys_sp6,NA
1301,f,j50,Strumigenys_sp7,NA
3114,p,e3,Strumigenys_sp7,NA
2108,f,a2,Strumigenys_sp8,NA
2303,f,j26,Strumigenys_sp9,NA
2303,p,g27,Strumigenys_sp9,NA
2303,p,g29,Strumigenys_sp9,NA
2303,p,i25,Strumigenys_stenotes,Forest
2303,f,g28,Strumigenys_stenotes,Forest
2108,p,b1,Strumigenys_trudifera,Forest
2206,f,o4,Strumigenys_trudifera,Forest
2303,f,k30,Strumigenys_trudifera,Forest
2303,f,i25,Strumigenys_trudifera,Forest
2303,f,i30,Strumigenys_trudifera,Forest
3304,s,g28,Strumigenys_trudifera,Forest
2108,f,d0,Talaridris_mandibularis,Forest
3209,s,h8,Tranopelta_gilva,Generalist
3209,s,k8,Tranopelta_gilva,Generalist
3304,s,h31,Tranopelta_gilva,Generalist
1104,s,c2,Typhlomyrmex_pusillus,Forest
1202,s,j13,Typhlomyrmex_pusillus,Forest
1202,s,k14,Typhlomyrmex_pusillus,Forest
1301,s,h50,Typhlomyrmex_pusillus,Forest
1301,s,h49,Typhlomyrmex_pusillus,Forest
1301,s,i48,Typhlomyrmex_pusillus,Forest
2206,s,n7,Typhlomyrmex_pusillus,Forest
2206,s,n6,Typhlomyrmex_pusillus,Forest
2206,s,o5,Typhlomyrmex_pusillus,Forest
2206,s,r3,Typhlomyrmex_pusillus,Forest
2206,s,q4,Typhlomyrmex_pusillus,Forest
2206,s,r6,Typhlomyrmex_pusillus,Forest
2303,s,k26,Typhlomyrmex_pusillus,Forest
2303,s,k29,Typhlomyrmex_pusillus,Forest
2303,s,k28,Typhlomyrmex_pusillus,Forest
2303,s,l26,Typhlomyrmex_pusillus,Forest
2303,s,k30,Typhlomyrmex_pusillus,Forest
3209,s,i10,Typhlomyrmex_pusillus,Forest
3209,s,j12,Typhlomyrmex_pusillus,Forest
3304,s,h33,Typhlomyrmex_pusillus,Forest
3304,s,j33,Typhlomyrmex_pusillus,Forest
1301,s,l45,Typhlomyrmex_sp1,NA
2108,f,c5,Typhlomyrmex_sp1,NA
2303,s,k26,Typhlomyrmex_sp1,NA
3114,s,c1,Typhlomyrmex_sp1,NA
3114,s,b3,Typhlomyrmex_sp1,NA
3209,s,j11,Typhlomyrmex_sp1,NA
3304,f,j33,Typhlomyrmex_sp1,NA
3304,s,g31,Typhlomyrmex_sp1,NA
1202,s,j13,Typhlomyrmex_sp2,NA
3209,s,k11,Wadeura_holmgreni,Generalist
1104,f,b5,Wasmannia_auropunctata,Generalist
1104,f,f0,Wasmannia_auropunctata,Generalist
1104,p,f3,Wasmannia_auropunctata,Generalist
1202,p,n10,Wasmannia_auropunctata,Generalist
1301,p,h45,Wasmannia_auropunctata,Generalist
1301,p,k45,Wasmannia_auropunctata,Generalist
1301,p,k45,Wasmannia_auropunctata,Generalist
1301,p,g50,Wasmannia_auropunctata,Generalist
2108,p,e4,Wasmannia_auropunctata,Generalist
2303,p,g25,Wasmannia_auropunctata,Generalist
2303,s,h25,Wasmannia_auropunctata,Generalist
3114,f,b1,Wasmannia_auropunctata,Generalist
3209,f,g7,Wasmannia_auropunctata,Generalist
3209,p,g12,Wasmannia_auropunctata,Generalist
3114,p,b2,Wasmannia_rochai,Forest
